label,message
spam,MINI SMS Paketi ile her yone 30 SMS icin ayda 12.45TL yerine sadece 3TL odeyin! Bu firsattan faydalanmak icin hemen MINI SMS yazin 2222ye gonderebilirsiniz.
ham,Hey barmen ne ictiyse aynisindan istiyorum
spam,29 TL'ye HerYone tam 1000dk konusun! Hemen AVEA bayilerimize gelip numaranizla Super Kamu Tarifesi'ne gecin. bu firsati kacirmayin!
spam,1-2 NISAN TARIHLERINDE;DERMALOGICA CILT BAKIMINA DAVETLISINIZ.RANDEVU ALINIZ TEL:2312840
ham,iyi peki
spam,AKARYAKITTA %10 BONUS!30NİSAN'A KADAR AKARYAKIT HARCAMANIZDA TOPLAM 250TL'YE ULASIN.%10 BONUS KAZANIN! AKARYAKIY YAZ.3340'A GONDER;KAMPANYAYA KATIL.BONUS.COM.TR
ham,Nice guzel yaslari superminik insan hilalcan KIVANC ve GULOOO
ham,bugün müzik sınavı var biliyorsun değil mi? haberin olsun...
spam,"PUSULA'DA ÖZEL GECELER BASLADI
GECE 00:00 - 4.000 ARASI 
ILK 5.000 YATIRIMCIYA
FREESPIN HEDIYE!
Bildirimlerini takip et!
https://t2m.io/pusulayagiris"
spam,Adalet Bakanligi. mahkeme kararlari ve diger adli islemleriniz SMSle cebinizde! TCKimlikNo bosluk ABONE yaz 4060a gonder. UYAP SMSe uye ol. Gelen her mesaj 1TL
spam,gnctrkcll'li. Eskisehir Es-Es Paintball'un pistinde 1 saatlik paintball keyfi 15 TL yerine sadece 7.5 TL! Hemen GNCTEKLIF.COM!a gir. satin al! Firsati kacirma
ham,la olum mesaj gelmıs vıdeo gelmemıs alın burdan ızleyın ama herkes delll :D
ham,tamamdır.
ham,beni bir daha arama
ham,Dostum vahit imza atti atmis bizim yerimize oryantasyonun sonunda yoklama yapip imzalari silmisler:(
spam,Money Club'in 1.yasinda bedava sinema! 6 Nisan'da Espark Cinebonusda kartini gosterene son seans 2 kisilik sinema bileti hediye.Detay www.moneyclubkart.com
spam,Annelerin en guzeline en ozel hediye SABRI OZELden %25 INDIRIM FIRSATIYLA.6-15 MAYIS tarihleri arasi YENI SEZON BAYAN urunlerinde gecerli FIRSATI KACIRMAYIN.
spam,"TÜRKIYENIN EN BÜYÜK BAHIS SITESINDE OYNA 
ILK YATIRIMA ÖZEL %300 3000TL+450 FREESPIN BONUSU 
1.000TL DENEME BONUSU 
https://cutt.ly/grandagir"
spam,Kis sezonunun beklenen son indirimiSizleri magazalarimiza bekliyoruzwww.roman.com.tr
spam,Ücretsiz iPhone kazanma şansı! Sadece şimdi: ucretsiz-iphone.net/kazan
ham,Ben turgut. Vize dokumanina baktım galiba onlar bizim adimiza basvuru yapablyomus tam detayini bilmyom ama bi mail atip sormayi dusunuym
spam,Mudo da kisa gunun kari kampanyasi basladi! Secili hazirgiyim sezon urunlerinde gecerli %30 indirim  sizi bekliyor. Son gun 4 Nisan!
spam,1000 TL AVANS BONUS! 31 MART'A KADAR AVANS YAZIP BONUS CARD'INIZIN SON 6 HANESiNi 3340'A GONDERiN. MAYIS'TAN iTiBAREN 10 TAKSiTTE ODEYiN! BONUS.COM.TR
ham,Hayatta en zor şey de; İnsanın kendi kendini teselli etmek zorunda kalmasıdır.
spam,TATLI GELECEK GUNLERI DUZENLIYORUZ. GUNE OZEL BIREYSEL EMKLILIK FIRSATLARINDAN FAYDALANMANIZ ICIN SIZI SUBEMIZE BEKLIYORUZ.
spam,DAHA FAZLA AVANTAJ! Cepten sabit hatlari aramak cok ucuz. Evden yurtici ev/is nolarini 400dk aramak sadece 7.5 TL. Evdeyken bu mesaji EVDEYIM yazip cevaplayin.
spam,Altin  fiyatinin yukselecegini ongorenlere %100 anapara korumali yatirim fonu Ziraat Bankasş'nda. Halka arz: 24-28 Ocak 2011. ayrintili bilgi subelerimizde.
ham,kaç gibi gelirsiniz bize?
spam,Is Bankasi Tahvil ve Bonosu 2-3-4- Subat 2011 tarihlerinde halka arz ediliyor. Ayrintili bilgi:isbank.com.tr
spam,TUM BANKACILIK ISLEMLERINIZI. EVINIZDEN VEYA OFISINIZDEN GARANTI INTERNET SUBESI'NI KULLANARAK HIZLI VE KOLAYCA GERCEKLESTIREBILIRSINIZ.
spam,"Atasay'da her ayin ""ALTINCI"" günü seÇili ürünlerde %25 indirim! Bu ""Altin Firsat"" iÇin sizleri Atasay Çanakkale Magazamiza bekliyoruz. 0 286 2132097"
ham,Çıktım sınavdan ne taraftasın?
spam,TUM BANKACILIK ISLEMLERINIZI. EVNIZDEN VEYA OFISINIZDEN GARANTI INTERNET SUBESI'NI KULLANARAK HIZLI VE KOLAYCA GERCEKLESTIREBILIRSINIZ..
ham,hafiz odevi ne yaptin
spam,DUNYANIN EN BUYUK OKULU WALL STREET INSTITUTE DEN 11.KURULUS YILINA OZEL %25 INDIRIM KAMPANYASINDA SON 7 GUN.HEMEN ARAYIN BU FIRSATI KACIRMAYIN!444 98 99
spam,FABRIKA'dan HEDIYE SONY'ler: 500TL ustu alisverise giyilebilir Walkman'den VAIO Notebook'a 7 farkli SONY! CardFinans'a +%10 ParaPuan! Bilgi: cardfinans.com.tr
spam,gnctrkcll'li Ahmet Serif Izgoren'in Avucunuzdaki Kelebek online egitim seti 50 TL yerine gncTEKLİF ile 19 TL! Hemen GNCTEKLIF.COM'a gir. satin al!
spam,Degerli musterimiz. kullandiginiz NET4 paketinin aylik fiyatinda herhangi bir artis olmamistir. Guzel bir yil dileriz. TTNET
ham,Ben geldim bekliyorum
spam,www.esbul.net sicak arkadasliklarin yeni adresi. Tiklayin arkadassiz kalmayin yada telefondan UYE yazin 4590 a gonderin. Gunluk limitsiz 0.6 TL TELEMEDYA
ham,Yo war adimiz sen bi da bak
spam,7558888 TLyukle.com dan asistans ve otel konaklam firsati!Plus uyelik ile ilgili ayrintili bilgi icin ozel musteri temsilciniz Ismail OZEFE sizi arayacaktir
ham,Başkan biz geç kaldık kusura bakma çıktık yola görüşemedik hakkını helal et mersine gelirsen görüşürüz inşallah.
spam,gnctrkcll'li. Eurolingua'da 60 saatlik (1 kur) Ingilizce ya da Almanca Egitimi 360 TL yerine sadece 99 TL! Hemen GNCTEKLIF.COM'a gir. satin al!
ham,kanatlıda bulusuruz
ham,arkadasın dogum gunune gıdıcez
spam,%50 ye varan indirim bugun basladi... TUZUN
spam,Pepsi kapaklarinda hem gunluk 60 dakika konusma hem de cepten 100 MB internet hediye. Sifreler 5757'ye. Ustelik kampanyaya raflardaki tum Pepsiler de dahil!
ham,Hadi nerdesiniz hala?
ham,Haci  sizde türkçe calculus var mıydı?
spam,BDDK uyarisi: Vergi borcunuz bulunmaktadır. Odeme yapmak icin: gib-odeme.net Son tarih bugün.
ham,LaYN
ham,Şimdi evdeyim kitap okuyom ben sana bitince kitabı getirrim.sen evde kac gibi olcan.
spam,Tatil icin aklinizda neresi varsa. size ozel cok cazip faiz oranlari ve vade secenekleri ile krediniz VakifBankta. Vakifbank. burasi sizin yeriniz.
spam,JOURNEY'DE 2.URUNE %50 INDIRIM BASLADI! KAMPANYANIN GECERLI OLDUGU MAGAZALAR ICIN: WWW.JOURNEY.COM.TR
ham,eskişehir eğitim dernekleri verdi. arkadaşımın biri adımı yazmışti. beraber konferansa katıldık. ve aldık
ham,merhaba
spam,VakifBank Worldcard tan 50 TL Worldpuan! 31 Mayisa kadar World isyerlerinden 5 adet 100 TL islem yap. YIRMI yaz. kartin son 6 hanesini SMS ile 6635 e gonder!
spam,Sevdigin sanatcilarin muzik marketlerde 15TL degerindeki albumleri gncplay.com da SADECE 4TL! Ustelik MP3 formatinda! www.gncplay.com a gel. bu firsati kacirma!
spam,Mudo da kisa gunun kari kampanyasi basladi! Secili hazirgiyim urunlerinde gecerli %30 indirim sizi bekliyor. Son gun 2 Mayis!
ham,Abi şimdi kargoya geldik. paketin ağırlığı fazlaymış. transkriptleri yollamıycaz cuma orda olurmuş belgeler
ham,Genç Tema günaydın. bugün ki fidan dikimini 1 saat erkene aldık saat 12 de tema evinde görüşmek üzere. Eğlenceli ve verimli bir etkinlik olması dileğiyle:)
spam,%50'ye varan yaz sezonu indirimi basladi! MOTHERCARE. LAURA ASHLEY. CHARLES&KEITH. Tel:02166517380
spam,Acil! Kartınız bloke oldu. Hemen doğrulayın: guvenlik-bank.com
spam,1000 TL AVANS BONUS! 31 MAYIS'A KADAR AVANS YAZIP BONUS CARD'INIZIN SON 6 HANESiNi3340'A GONDERiN. TEMMUZ'DAN iTiBAREN 4 TAKSiTTE ODEYiN! BONUS.COM.TR
spam,"SADECE 17-18-19 MART TARIHLERINDE ""ESKISEHIR SAGLIK GUNLERI"" TUM VICHY URUNLERI % 40 INDIRIMLI.AKSOY ECZANESI TEL:2312840"
ham,Guray selam ben emine naslsn? Ben sey sorcaktm okula staj basvurusu gbi bisey var mi? Ben surda staj yapcam falan die.Bi de sigorta yazisini pzt versem sorun  olur mu ki?
spam,RENAULT'DA HAYALINIZDEKI KAMPANYA! 12000 TL KREDI KULLANIN 11500 OLARAK GERI ODEYIN... GUVEN PLAZA ESK:222 3153030 KTH:274 2251350
spam,indirim %30-40-50 artan indirim oranlariyla devam ediyor... TUZUN
spam,Vergi borclarinizi CardFinans'inizla 30 Haziran'a kadar www.gib.gov.tr'den ya da Finansbank Subelerinden 18 aya kadar taksitle odeyebilirsiniz:cardfinans.com.tr
ham,Ablacm gtar kursuna gdyrm
ham,10 dk ya ordayım
ham,kapımın önunde bangır bangır bağırıyolar oy verceğim varsa da vazgeçtim :D:D:DD
ham,Film biletlerini aldım Cuma 20:30 seans.
spam,YASASIN KAMU kulubune uye olmak tamamen UCRETSIZ.Hemen KAMU yazip 2222ye UCRETSIZ gonderin size ozel servis ve indirimleri kacirmayin. www.turkcell.com.tr
ham,naptın sınav nasıl geçtı
spam,Turkcell 3G VINN modem ve 12GB internet paketi. ilk kez Axess sahibi olanlara hediye! Katilmak icin VINN yaz 3155e gonder! Ayrintilar Axess.com.tr de
ham,Gencel bugün bizde çiğköfte var ok geliyorsun
ham,Deneme bonusu sadece yeni uyeler icindir
spam,Telefonun ayarlari tek komutla cebinde. Telefonundan *999# i ara. telefonunun destekledigi tum servis ayarlari cebine gelsin! Ustelik sadece 0.79TL.
ham,Akşam ne yiyoruz ?
ham,iyiyim.bende yeni geldim ama ders bitmiş :)
spam,Giris adresimiz degisti guncel link profilde
ham,Aramisin kuzum:)
spam,Deherli musterimiz. gelir belgesiz.kefilsiz 10000TL on onayli ihtiyac kredinizi cazip oranlarla kullanin. 3 ay sonra odemeye baslayin. Subelerimize bekliyoruz.
ham,aksama isim var size gelemem :(
ham,cnm ya üzerimde bi kırgınlık var hasta olcam gibi çıkmayayım şimdi havada yağmrlu bi dahakine gelrm artık slm söyle arkadaşlara
ham,tmm cnm sende kendine ii bak grsrz..
ham,Guray sana facebooktan bir mesaj attım baksana uygun olduğunda cevap yazarsın
ham,4-5 arasi halisaya aldik gelcekmsn
ham,Sayın Esra Aslan. Buzlu bonus bilet üyelik sifreniz:0145   www.buzlumotorluaraclar.com.tr (1)
ham,Odanda msn beybm:p
ham,Haha anlastik :d
ham,Haftasonu napıyon
spam,CardFinans'tan Bedava Kredi! Mevcut harcamalarinizi CardFinans'a tasiyin ekstre sozunuze karsilik masrafsiz.0 faizli kredi firsatini kacirmayin. Bilgi 4440900
ham,fark etmez sende kalsin anahtar iki dakaya geliyorum
spam,DEGERLI TIVIBU ABONEMIZ. 1.1.2011 ITIBARIYLE PAKETINIZDE ISIM VE ICERIK DEGISIKLIKLERI YAPILACAKTIR. YENILIKLERI GORMEK VE BILGI ALMAK ICIN www.tivibu.com.tr
ham,abi işim var o saatte tam
ham,valla benim de final haftası geldi. gidip geliyorum.  Allah yardımcın olsun.
spam,gnctrkcllli. Bonnyfood'dan lezzetli cicekler firsati. Tum urunlerde gecerli 25 TLlik hediye ceki 1 TL! BONNY yaz 8073'e gonder. SMS ucreti 50 krs. GNCTEKLIF.COM
ham,Cnm ya nerdesin bitmedi mi daha bi mesaj atsan merak ettim
ham,sn söle ona yanindysa..Bence bölesi daha hayirli oldu .Iyi gecelr sizede slm söle
ham,Simdi giriyorum salona. Telefonda korhan el ilani dagitma falan diyordu. Bence yok
spam,28 Subat'a kadar Internet Subemiz ya da Bankamatiklerimizden en az 30TL Turkcell Yukleme talimati verin. hediye TL kazanma sansi yakalayin! Bilgi:isbank.com.tr
spam,Yatas'ta dilediginiz urunu CardFinans ile simdi alin. ekimde odemeye baslayin. Ustelik 12 taksitle. Firsati kacirmayin
ham,Apartman toplantısı Pazar akşamı saat 8.
ham,18/03'de kesilecek. son 4 hanesi 5403 olan kartiniza ait ekstrenize yansiyacak tutar 1132.67 TL 'ye ulasmistir. Kullanilabilir limitiniz 1423.03 TL 'dir.
spam,SYN UYEMIZ.TATILDE OKUYACAGINIZ TUM KITAPLARI.KIRALAYABILIRSINIZ. ADRES:INSANCIL SAHAF ESNAF SARAYI C KAPISI KARSI SOKAGI. www.insancilsahaf.comTEL 222 2338264
ham,Sn. Musterimiz. adresinizde size ulasamadigimizdan kargonuz teslim edilememistir. 3 gun icerisinde IKIEYLUL subemizden mesai saatinde alabilirsiniz.002222330316
spam,Her ay faturaniz cikmadigi icin faturalariniz ciktiginda basili fatura yerine e-fatura servisimizi kullanarak faturalarinizi e-posta adresinizden rahatca takip edebilirsiniz. E-faturali olmak icin e-posta adresinizi 8102ye gonderin
spam,gnctrkcllli. Bonnyfood'dan lezzetli cicekler firsati. Tum urunlerde gecerli 25 .TLlik hediye ceki 1 TL! BONNY yaz 8073'e gonder. SMS ucreti 50krs. GNCTEKLIF.COM
spam,WhatsApp hesabınızın süresi doldu. Hesabınızı aktif tutmak icin simdi tıklayın: whatsapp-yenile.com
ham,Ahmet de gelecek mi?
ham,projem bitmedi cnm bugün görüşemeyiz .yarın belki olur ben sana msj atarım tmm.
ham,Guray bna gondrmssn:) yapma bi daha bole hatalar:p
spam,Mudo'da Anneler icin sayisiz hediye alternatifleri cok ozel indirimler ve surprizlerle sizi bekliyor
ham,Aptal miyim neyim ben sikildim kendimden diyorum o zaman
ham,Yurda ugrayıp aldıklarımızı bırakıp  öyle gitcez abi.
ham,geliyon mu bize ?
spam,Vakifbank Worldcard ile Carrefour da 20TL Worldpuan! 28 Subat a kadar Carrefour magazalarindan toplam 200TL alisverisinize 20TL Worldpuan hediye! vakifkart.com
spam,"Temsilcilerimiz kazanır 20 ORAN!
GS: 3.25 | Juve: 2.30
GS'nin her golüne 50 FREESPIN!
500 TL havale yatır,
30.000.000 TL'ye kadar güvenli çekim Pusulabet'te!
https://t2m.io/pusulayagiris"
ham,Bu ne diyo memo?yarin anlat bana:)
ham,Günaydın abi nasılsın?Java sınavı saat kaçta hangi sınıftaymış?
ham,Danisman kodunuz 7458963 sifreniz:741987 yeni kayitlarimiza özel hosgeldiniz programina katilmak icin 21 gün icinde toplam 100  BP siparis vermeyi unutmayiniz(2)
spam,Yasal uyari: Adınıza acilan dava var. Avukatınıza ulasın: hukuk-bildir.com
ham,Yarın da size geliyorum var mı gerekli bisey bu arda maca geliyon mu gece?
spam,Uyarı: Telefonunuzda virüs tespit edildi! Hemen kaldır: virus-temizle.xyz
spam,BONUS'A OZEL CONTINENTAL'DE +4 TAKSiT FIRSATI.USTELIK 4 ADET BiNEK VEYA 2 ADET KAMYON LASTiGi ALANA ATKI HEDiYE.SON GUN 31 MART.DETAYLI BiLGi:www.bonus.com.tr
spam,Kamu calisanlarina. uygun faiz oranli yeni yil kredisi Is Bankasi'nda. 5000 TL'ye kadar. 60 aya varan vadelerle! Subelerimiz. 4440202
spam,"Geceye ozel  %25 Kayip Bonusu Aktif Pronet Guvencesi , Yuksek RTP 11. YIL ! Detaylar https://t2m.io/GoraGuncelGiris"
spam,"11-20Haziranda MaximumKartla akaryakitdisi 100TLharcanan 5 gun 5.6.gun sonrasi 10ar TLMaxiPuan!Kayit icin""KAMPANYA bosluk kart son6 hanesi""4402ye iletin.4440202"
ham,Kitabı bitirdim çok iyiydi sana da tavsiye ederim.
ham,beğenmeyin olum şunu yaa :D
ham,tebrikler kanka hakettiniz artık :D
ham,Cifo nerdesin
spam,MERKEZ TUR-HER PAZAR ULUDAG-MUDANYA 55 TLMASUKIYE-KARTEPE 85TL 14-16OCAK 2GECE OYLAT KAPLICALARI 215TL KAPADOKYA TERMAL 180TL 4-9 SUBAT 2.SURIYE TURUTEL:2344566
spam,Sevgili annem sana 10000 TL gönderdim al bakalım: para-transfer.xyz
ham,Ben de pek baska bisey bulamadim malesef. Kolay gelsin
ham,Kanka oryantasyon sinema anadoludaymış.
ham,zilde ne yaziyor
ham,Ders programı değişti Salı dersi iptal.
ham,Seni havalimanından ben alacağım saatin ne?
ham,Canım hesap makinan evde mi?
ham,"Tanimadiginiz numaralardan gelen ""Odul kazandiniz. TL yukleyin"" gibi smsleri dolandiricilik magduru olmamak icin dikkate almayiniz."
ham,Hlos pasta otz lra tuttu gzm sen ben verioz bi de orda kesm masrafi fln var
spam,Ucretsiz havale ve EFT islemi Cep Subesi'nde! Internet Subesi sifre ve parolanizla hemen giris yapmak icin wap.garanti.com.tr'yi ziyaret edin.
ham,Son bi soru daha:) neden zip olarak upload edin rar etmeyin demiş hoca?
spam,BUYUK FIRSAT! GERCEGININ AYNISI BP ISTASYON MAKETINI BP CLUB KARTINIZDAKI MEVCUT PUANLARLA SADECE 149 PUANA ANINDA ALABILIRSINIZ. SON GUN 28 SUBAT. BP
spam,Turkcell Cep Anayasasi Madde 1:Mevcut tarifenizin detaylarini ogrenip.sizin ihtiyaclariniza gore belirledigimiz uygun teklifler icin 757222 yi ucretsiz arayin!
spam,Mudo da sadece bugune ozel outlet disi Istanbul magazalarinda tum urunlerde %20 den baslayan indirimler! Shopping Fest kapanisa ozel bu firsati kacirmayin.
spam,Kayitsiz sartsiz musteri memnuniyeti icin Vodafone Tuketici Haklari Bildirgesi'ni gururla sunariz. Cunku Vodafone herkesin hakki. Bilgi icin vodafone.com.tr
spam,Bu fatura doneminde internet kullaniminiz 1 MB a ulasmistir. AY yazip 2260 a gonderin. ayda 10 TL ye internette 20 kata varan fiyat avantajindan faydalanin
ham,Eski bir fatura lazım. bulamıyorum
ham,ders calışmak mı nerdeee:)
spam,VakifBank Worldcard ile Carrefour da 20TL Worldpuan! 30 Haziran a kadar Carrefour da yapacaginiz toplam 200TL alisverisinize 20TL Worldpuan hediye!vakifkart.com
spam,Babalar gunune ozel tum bornozlarda . anneleriniz icin de saten ve kolay utulenir nevresim takimlarinda %25 indirim firsati tum English Home magazalarinda
ham,biraz çalıştım gibi anlamıyorum ya
spam,Bu linki 10 kisiye ileten 250 TL kazanır! Simdi katıl: para-kazan.net/davet
ham,hacı o zaman ben yaparım olmazsa o adama gideceğiz.
spam,"1.000 TL Deneme Bonusu Kazandin
Ilk Yatirima Ozel 0 CEVRIM %100 1.000TL Nakit 
TR'de TEK OtoHAVALE Ile ALT LIMITI 250TL"""
spam,Sizi arayan Turkcell numaralarinin kime ait oldugunu sadece 90 Kurusa ogrenmek icin numarayi yazip 2222ye gonderin. Ornek: 5XXXXXXXXX
spam,CardFinans'tan 100 TL ve uzeri 3 akaryakit alisverisine 20 TL. 5 akaryakit alisverisine 50 TL degerinde ParaPuan hediye. Detaylar icin www.cardfinans.com.tr
spam,Simdi HERYONE rahat rahat konusmak 12 ay boyunca SABIT fiyat garantisiyle! Ustelik indirimle 95TL yerine sadece 75 TL. Heryone 2000dk.Turkcelllilerle 5000dk konusmak icin bu mesaji INDIRIM GOLD yazip cevaplamaniz yeterli.
spam,Etiketin Yarisi Indirimi Baslamadan Once. Urunlerimizi Oncelikli Satin Almak Icin. Siz Ozel Musterilerimizi Bugun ve Yarin Magazalarimiza Bekliyoruz.
spam,Tarife paketinizdeki dakikalarin bitiminde sadece 5TLye fatura kesim tarihinize kadar heryone 100dk daha konusabilir. paket asimindan ucretlenmek yerine faturanizi kontrol altinda tutabilirsiniz. NARPAKET yazin 2222ye gonderin.
ham,kanka 12.30 da esparktayiz :)
spam,JOURNEY'DEN %25 HEDIYE CEKI! 8MART DUNYA KADINLAR GUNUNE OZEL. HER ALISVERISINIZDEN %25 HEDIYE CEKI KAZANIN!
ham,yeme laa. ne yiyorsan bitirme geliyorum. :)
spam,Kredi taksitleri daha da dustu! Her butceye uyacak. dusuk taksitli. 5.000TL ve 10.000TL yepyeni kredi firsatlari Garanti Tam Destek'de. Kacirmayin! 02124440335
spam,Hediyenin babasi Sarar'dan alinir!Parolu kartinizla Sarar'dan yapacaginiz her 100 TL ve uzeri Babalar Gunu alisverisinize 50 TL degerinde Paropuan hediye!
ham,Günaydın kanka sabaha kadar uyuyamıştık. sonra bi kaç saat uyudum. Şimdi uyandım. Okula gidiyoruz Cemile ve Pelinle
ham,eylem nerde olack?
spam,Kurulus yilimiza ozel EKOL indirim gunleri bugun basladi. Oncelikli olmak icin acele edin. Keyifli alisverisler. www.ekolonline.com 03124738644
ham,Finansbank Internet Bankaciligi    isleminizi gerceklestirmeniz icin Yuksek Guvenlik Sifreniz: 047939
spam,Kamu 1000 paketine gecerek ayda sadece 45TLye heryonle 1000dk ve 1000smse sahip olabilirsiniz.Bu muhtesem paket icin hemen KAMU yazip 2222ye gonderin
spam,Beklenen Sabri Ozel indirimi basladi! Kis sezonu urunlerinde %70'e varan indirim.Keyifli alisverisler.
spam,30 TL ekstra MaxiPuan firsati icin son 15 gun! 1-31 Mart tarihleri arasi Maximum Kart'inizla toplam 1500 TL alisveris yapin.kazanin.Ek kosullar ve bilgi:4440202
spam,SMS 30 paketi ile her yone 30 SMS icin 12TL yerine sadece 3TL odeyin! Bu firsattan faydalanmak icin hemen SMS 30 yazin 222ye gonderin.
spam,Siz Turkcell Kamu Tarifelilere ozel YASASIN KAMU. size ozel servisler ve indirim avantajlariyla geldi.KAMU yazip 222ye ucretsiz gonderin.YASASIN KAMUya uye olun
ham,pcyi kapatmiycan mı ben kapatmanı beklerken diğerini açıyon kanka yat uyu artık net azcık huzur bulsun.
spam,Banka Kartiniz konusturuyor! 22 Mart - 26 Nisan arasi Banka kartindan toplamda 150 TL harcama yapin. gunluk 75 dk konusma kazanin! Bilgi icin: teb.com.tr
ham,Bugün biraz geç kaldım özür dilerim.
spam,SIZE OZEL! 15 Ocak - 28 Subat arasinda alisverislerinizin 150 TL'sini Bankamatik Karti'nizla yapin 15 TL MaxiPuan kazanin! Bilgi: 4440202
ham,C3MV Interaktif Bankacilik Mobil Onay Kodunuz / 10.03.2011 20:09 / Turkiye Is Bankasi
spam,1-30 Nisan arasi Maximum Kart'inizla toplam 1.000TL aliveris yapin.PUAN yazip kartinizin son 6 hanesi ile 4402ye gonderin.40TL ekstra MaxiPuan kazanin.4440202
ham,selam. ya kusura bakma :( kuzenime göndereceğim smsi sana göndermişim. onun adı ile seninki aynı da karıştırmışım. gerçekten özür dilerim..
ham,Bayram tatilinde nereye gidiyorsunuz?
spam,gnctrkclli; Hemen GNCTEKLIF.COMa UCRETSIZ uye ol. Eglence. hobi. alisverisistedigin her sey butcene uygun fiyata sadece gncteklif.comda. Firsatlari kacirma
spam,Kredi taksitleri daha da dustu! Her butceye uyacak. dusuk taksitli. 5.000TL ve 10.000TL yepyeni kredi firsatlari Garanti Tam Destek'de. Kacirmayin! 02662891600
ham,Nerdesin
spam,CardFinans'la 9 Mayisa kadar farkli gunlerde yapacaginiz giyim.aksesuar.kozmetik ve optikte 3'uncu 100TL ve uzeri alisverise 30TL ParaPuan!www.cardfinans.com.tr
ham,Doğum günün kutlu olsun cnm :) nice güzel senelere :)
ham,Ben arabayi kapinin onune biraktim carsiya gidiyorum annelere soylersin.
spam,Tebrikler! 5000 TL kazandınız. Hemen tıklayın: bit.ly/kazan
spam,Tekzen'de CardFinans'a ozel pesin fiyatina 12 taksit firsati. Ustelik 6 taksit ile simdi alin. haziranda odeyin.
spam,Arayip ulasamadigin *5345937199 numarasina hemen tikla sadece 1TLye sesli mesaj birak!11 Nisana dek 1 sesli mesaj birak.300 UC RETSIZ sesli mesaj hakki kazan!
ham,odevi ne yaptin dayi
spam,KAMPANYA yazip kartinizin son 6 hanesini 4402'ye gonderin. 1-31 Mayis arasi Maximum Kart'inizla toplam 750TL alisverisinize 30TL ekstra MaxiPuan kazanin.4440202
ham,J97L Mobil Onay Kodunuz / 31.05.2011 22:00
spam,Kredi karti ve fatura talimati olan musterilerimize Dort Dortluk Nakit Kredi'de cazip masraf veya faiz indirimi! 25000TL'ye kadar ve 60 ay vadeyle
ham,Yum yumm ve yum gunaydn
ham,Marketten ekmek alırken su da al lütfen.
spam,Sabri Ozel'de %50+10 indirimler Sevgililier Gununu ozel yasayin.10-15 Subat tarihleri arasindaki bu firsati kacirmayin.
ham,spordan cknca haber weririm sana arkadasımın dogum gunu war braz yanlarna gecicem cok az orhan war ya ona ugrucam
ham,ama o bakışı bana yaparsan o göz hep öle kalır sölim :D
spam,Akilli telefon Turkcellden alinir! 13TLden baslayan taksitlerle 3Gli telefonlar ve ozel tekliflerimiz icin sizi en yakin Turkcell Magazasina bekliyoruz.
spam,Slot turnuvasi basladi simdi katil
ham,ben yatiyorum hadi
spam,Ziraat Bankası: Kartınız bloke edildi. Bloke kaldırmak icin: ziraatbankasitr.net adresini ziyaret edin.
ham,Evdeyim birazdan çıkarım.
spam,TEBRIKLER! BEDAVA Casio Marka Kol Saati kazandiniz. UCRETSIZ 150TL degerinde HEDIYENIZI almak ve gonderi adresinizi belirtme icin HEMEN 7551880 i arayiniz.
ham,Son 4 hanesi 5403 olan Finansbank kredi Kartinizin Toplam Borcu: 928.02 TL Asgari Borcu: 186 TL Son Odeme Tarihi: 28/02/2011. Finansbank
spam,Money Mobile ile Turkcellliler 50 TL alisverise 50TL/125dk konusma kazaniyor!MONEY(bosluk)16 hane Money Club kartini 2830a yolla.uye ol. www.moneymobileclub.com
ham,kardesim mac aksam ustu 6 da baslariz...
spam,PERLINA. beklenen %70 indirim basladi. Son indirimden yararlanmaniz icin. siz degerli musterilerimizi magazalarimiza bekliyoruz.
ham,bir sey yapmadim
spam,Turkcelle gecen yasadi!Haydigel 33 milyon Turkcellliyle haftda 2 GUN BEDAVA konus!Ustune 600dk heryone konus! Hepsi ayda SADECE 29TLye Turkcell noktalarinda!
ham,Şifre yanlış girdiniz lütfen tekrar deneyin.
spam,Haftasonuna ozel BONUS AKTIF! Geceye ozel %25 Kayip bonusu aktif!  10 Yillik Site Pronet Altyapi detaylar  :  https://t2m.io/GoraGuncelGiris
spam,Garanti'de kredi firsatlari devam ediyor! Dusuk taksitli 5.000 veya 10.000 TL'lik kredilere basvurmak icin T.C. Kimlik Numaranizi yazin. hemen 3390'a gonderin.
spam,Bankanızdan SWIFT transferi onayı bekliyor. Onaylamak: hizliswift.com
ham,sen bu localhost olayindan cakiyosan bi msn gir bakeem
ham,Guvenli giris icin lutfen resmi adresi kullanin
ham,niye aramiyorsun
spam,25 Haziran'a kadar Club Smart Card'inla en az 100 TL'lik Shell yakiti al 5 TL degerinde puan alim yaptigin karta yuklensin. 4442020
ham,onu fakkettimde bzim okuldanmı verdiler bizde mezun olduk :))))esed yazıyo ya onçün didim:)
ham,Degerli musterimiz 10.03.2011 son odeme tarihli faturaniz 37.9TLdir.Detayli bilgi icin 7500u ucretsiz arayiniz.Bir sonraki fatura kesim tarihi 25.03.2011'dir
spam,Ayin yarisi etiketin yarisi. Pirlanta etiketli urunlerde %50 indirim. MOTHERCARE. EARLY LEARNING CENTRE. GUESS. LAURA ASHLEY. CHARLES&KEITH Tel:02166517380
ham,Kanka bana gencturkcell lazim var mi sende ?
ham,ins :) sabırsızlıkla bekliyorum.
spam,gnctrkcllli.Durumcu Bekir Ustada 1Adana durum+1ayran+3cig kofte+4cesit salata sadece 6TL!BKR yaz 8073e gonder. smsle satin al.SMS ucreti 50krs. GNCTEKLIF.COM
spam,Sosyal medya hesabınız takip edildi. Güvenliğiniz için: hesap-koru.net
spam,Genc Tarifeli! 100MB internet paketi sana ozel ayda sadece 3 TL! Hemen GENC INTERNET yazip 2222ye ucretsiz gonder. Turkcell hiziyla internetin keyfini yasa!
spam,Mudo dan kacirilmayacak firsat ! Exclusive Cardinizla aldiginiz mobilyalarda kisa bir sure icin extra avantajlar sizi bekliyor.
spam,Halkbank: Kredili mevduat hesabınız kapatılıyor. Engellemek icin simdi tıklayın: halkbank-islem.com
spam,Aveadan SUPER bir Muzik Paketi! MAXI yaz. 5555e gonder. Maxi Muzikindir Paketi ile 150 yerli 50 Yabanci sarkiyi ayda sadece 5.99 TLye cebine indir!
spam,Acil yardım lazım! 500 TL gönderebilir misin? IBAN: TR00 0000 0000 0000
spam,HEMEN ÜYE OL 1000TL DENEME BONUSU HESABINDA HAVALE ILE 100TL YATIRIM IMKANI EVRAKSIZ BELGESIZ PARA ÇEKME https://100havale.com/
ham,laptop çantada açık gelsem bise olur mu ki islem iptal edilmiyo
spam,"Evolution x Pusula
Avrupa'nın en büyüğü, Türkiye'nin en prestijiyle işbirliğine devam ediyor!
Efsane oyun CRAZY TIME şimdi TÜRKÇE olarak sadece Pusulabet'te! 
Bildirimlerinizi kontrol etmeyi unutmayın!
https://t2m.io/pusulaxevo"
spam,SYN.UYEMIZ;RICHELLE MEAD IN VAMPIR AKADEMISI 6 SON FEDAKARLIK ADLI YENI KITABI GELMISTIR.INDIRIMLI FIYATINDAN SUBELERIMIZDEN TEMIN EDEBILIRSINIZ. IYI OKUMALAR.
spam,ArayanaDinlet Servisi'nde ilk ay abonelik UCRETSIZ! Abone olmak icin hemen ABONE yazip 7060'a ucretsiz gonderin. sizi arayanlara sectiginiz sarkilari dinletin.
spam,VakifBank Worldcard 15 Mart - 30 Nisan arasi Petrol Ofisinden 4 adet 100TL ve uzeri alisverise. 1-10 Mayis arasi Petrol Ofisinde 40TL indirim kazandiriyor!
ham,cnm eve çabuk gel bak ziyafeti kaçırırsın beyzanın ablası çifköfte yapıyoooo:))
spam,NIKE 2011 YAZ SEZONU INDIRIMI BASLADI. SIZLERI MAGAZALARIMIZA BEKLIYORUZ. www.kamspor.com
ham,Gtmedik yvrum onun yerine yemek yiyip konsere gittik:)sen napiyosun bakalim?
ham,hahaha dikkat et diğerini de vurmayasın.
spam,gnctrkcllli.sevilen sanatcilarin muzik marketlerde 15TL degerindeki albumleri gncplay.com da SADECE 2TL!Hem de MP3 formatinda!gncplay.com a gir firsati yakala
spam,CalarkenDinletten SUPER BAHAR KAMPANYASI! DINLET YAZ. 8060 a gonder. 30 dk gunluk konusma kazan! Hem sevdiklerine konus.hem de en guzel sarkilari calarkendinlet
spam,Genc Tarifelilere 100MB cepten internet ayda sadece 3 TL! Hemen GENC INTERNET yazip 2222ye ucretsiz gonderin. cepten internetin keyfini yasamaya baslayin!
ham,Kardesim aksam kacta nerde bulusoyurz
spam,Vakifbank Worldcardla 1 Subat-14 Mart arasinda Shell de yapacaginiz 4 adet 100TL ve uzeri alisveris. 15-25 Mart arasi Shell de 40 TL indirim kazandiriyor!
spam,gnctrkcllli; eglence. hobi.alisveris istedigin her sey butcene uygun fiyata sadece gncteklif.comda. Ister kredi kartini ister Mobil Odemeyi kullan!
spam,LASTiKLERiNiZi BONUS'LA YENiLEYiN! BRIDGESTONE.CONTINENTAL.GOODYEAR.LASSA.MICHELIN VE PIRELLI'DE BONUS'A OZEL 300TL VE UZERiNE +6 TAKSiT! SON GUN 13 MART!
spam,3 aydır kullanılmayan hesabınız kapatılıyor: hesap-aktifle.com
ham,Gecikmeyin ha
ham,bilgisayarı getir mutlaka
spam,VODAFONE'DAN HEDIYE 200 dakika!25 Mart'a kadar bir seferde yapacaginiz ilk 10 TL veya uzeri yuklemenizde 15 GUN GECERLI YURTICI HERYONE 200 DK kazanin.
ham,Spordan dolayi o hayatm..Protein olayni yapmiomsn??
ham,Bu arada mevlana nin bi sözünü sölicektm sana unutmadn..Aradaki uzakligi niye dert edersin sevgili.biz rabbimizi görmedn sevmdk mi..
ham,:S poff skntili bu durum olcak desene. apart ve kyk lara bakariz olmadi.
ham,sende kendine iyi bak Allah'a emanet ol. Görüşmek dileğiyle...
spam,KIGILI'DAN SON SANS! GOMLEK. PANTOLON VE TRIKO 39 TL. MONT-KABAN 99 TL. TAKIM ELB 179 TL! INANILMAZ FIYATLARA EKSTRA HER 250 TL'LIK ALISVERISE 50 TL HEDIYE CEKI!
ham,cabuk gel kahvalti yapalim
ham,Saat 9 gibi olabilir.
ham,adam ol
ham,odevi yaptin mi
spam,Kagit fatura yerine fatura tutariniz ve odeme tarihi smsle ucretsiz gonderilsin. 1 ay Turkcelllilerle Pazar BEDAVA konusun.2222ye FATURAISTEMIYORUM yazip gonderin
spam,VakifBank Worldcard inizla Eskisehir de anlasmali Alpet istasyonlarindan yapacaginiz akaryakit alisverislerinden aninda % 6 indirim kazanin!
ham,Spora ne zaman gitcez?
ham,almanca.
ham,Abla arayıp halletti sorun çözüldü.
spam,Heryone 30SMS! 12 TL yerine. paket alarak sadece 3TL odeyip cok daha avantajli fiyata mesajlasabilirsiniz! SMS 30 yazin 2222ye gonderin.
spam,23 Subat'a kadar Is Bankasi'ndan TTNET faturaniz icin talimat verin. cekilis ile Golf marka araba. Paris seyahati ya da Nokia Booklet kazanin!4440202
spam,Sadece 1.5 TL'ye gunluk internet cebinizde!GUN yazip. 5555 e gonderin. 1 gun boyunca 100 MB internet ile cepten internete baglanin!
ham,benim icin zaman mekan fargetmez :D
spam,Fabrika magazalarinda 250 TL alisverise 50 TL hediye ceki! Ustelik CardFinans'a ozel %10 ParaPuan. +4 taksit ve dilerseniz 2 ay erteleme firsati!
spam,gnctrkcll'li.Anneler Gunu geliyor. CicekSepeti icin 20 TL'lik hediye ceki simdi 2 TL! CSEPETI1 yaz 8073'e sms gonder.satin al. SMS ucreti 50krs. GNCTEKLIF.COM
ham,Geliyomsn spora?
ham,S'a haci power series ünitesini işlediniz mi la okulda ..Acele cvp yazarmısın
ham,Kavurmalar.Tatlılar olsun.sekerli kahveler olsun..Bulusmalr olsun ben olmasib biz olsun! En onemlisi sevgi olsun.ask olsun?Bayramınız kutlu olsun :)
ham,calıstınmı barı sınavlara
ham,Finansbank Internet Bankaciligi basvuru isleminizi gerceklestirmeniz icin Yuksek Guvenlik Sifreniz: 3030
spam,Tek telefonla Aninda Kredi! CardFinans'inizdan formalitesiz. kefilsiz 1000 TL kredi alin. 69 TL taksitle. 18 ayda kolayca odeyin. Bilgi icin 4440900'u arayin.
spam,Son odeme tarihinizi kacirmayin! FATURA yazip 2222ye gonderin. fatura tutariniz. son odeme tarihiniz cebinize anında sadece 90 kurusa gelsin!
spam,Hediye çekiniz bekliyor! 500 TL değerinde: hediye-cek.com/al
spam,Motorlu Tasitlar Verginizi ATM lerimizden WebSubem den ve 444 0 724 AloSubem den odeyebilirsiniz. www.vakifbank.com.tr
spam,Stefanel'de Dunya Kadinlar Gunu'ne ozel. sadece CardFinans sahiplerine kurk grubunda %20 Indirim ve 7 Taksit firsati! Son gun 8 Mart!
spam,gnctrkcll'li. Acelya cicek evin'nden aski ve tutkuyu ifade eden 3 adet birinci sinif kirmizi gul 38 TL yerine 19 TL!HEmen GNCTEKLIF.COMA gir. satin al!
ham,Mail attim bi bak olmadi biraz daha acmaya calisirim
ham,ben faruktayım sende tarih notları var diye bakmadım hiç
ham,ben su an yoldayim
spam,Baki Dalyanci magazalarinda indirim gunleri basladi .moda ic giyim ve corapta %70 e varan indidim.Kampanya stoklarla sinirlidir.Baki Dalyanci icgiyim.
ham,samet benim maile baksana göndermişler mi bileti
ham,anne ben yrn size staj ile ilgili bi belge göndercem.onu sizin telekoma ulaştırmanız gerkio..cok öptümm beybimmmmm:)))
spam,DEGERLI ABONEMIZ SEDA SAYAN'IN PEPSI YASATIR SENI RAMAZANA OZEL KAMPANYASINDAN 100 BIN VE 10 BIN TL ÖDÜL IKRAMIYESINDE NUMARANIZ 1.500 NUMARA ARASINDA 9.NCU CIKTI 10 BIN TL ÖDÜL IKRAMIYESI KAZANMISTIR PEPSI BILGI VE ISLEM MERKEZI (5319067129) PEPSI DANISMA MERKEZINI ARAYIN
ham,Sipariş kargoya verildi takip numarası: TR123456789
ham,Yaaa güvenlgi arayp 31nde yatirabliomuyz bi sorarmsn unuttm bn
ham,Damla napion??? ya çarşıda işim varda bi yarım saat evdeysen laptopu sana bırakayım dedim
spam,gnctrkcllli. 222 Park Majha'da diledigin cesit pizza+ 1 mesrubat 22 TL yerine sadece 11 TL!Hemen GNCTEKLIF.COM'a gir. satin al! Bu firsati kacirma!
spam,Boyner magazalarinda %70'e varan indirimleri kacirmayin! Ustelik CardFinans ile simdi alin. 6 taksitle 2 ay sonra odemeye baslayin! Son gun 28 Subat!
spam,MOTHERCARE'de % 50'ye varan yaz sezonu indirimi basladi. Tel:02166517380
ham,Knka evdemisin?
spam,VakifBank Worldcardla 1 Subat-14 Mart arasinda Shell de yapacaginiz 4 adet 100TL ve uzeri alisveris. 15-25 Mart arasi Shell de 40 TL indirim kazandiriyor!
spam,Gnctrkcll'li.bugun facebook'a girer girmez Gnctrkcll sayfasina ugra. olusturdugumuz genclik kulesine sen de katil. yuzlerce SMS ve cepten internet hediyeni al!
ham,Otobüse bindim
ham,ulubey kutuphaneye gelecek misin
ham,tamam orda buluşuruz
spam,gnctrkcll'li. Accessorize'da 75 TL ve uzeri alisveriste % 20 INDIRIM. Sana ozel bu firsati kacirma! Sen sectin.gnctrkcll yapti! Detaylar icin gnctrkcll.com
spam,CardFinans'a ozel EREYON'da pesin fiyatina 6 taksit firsati! Ustelik %5 indirim avantaji da sizi bekliyor.
spam,Yeni BlackBerry BOLD 9780 simdi Aveada! Ayda sadece 70 TL odeyerek sinirsiz internet servisi ile BlackBerry Bold 9780e sahip olun. Bilgi icin www.avea.com.tr
ham,ahmad napion beraber network calisalim mi ?
ham,canım yaaaa kalemlikler karışmış ben seninkini almışım:(((( okula gelince farkettim:)
spam,VODAFONE'LULAR BP CLUB KART ILE 11 AGUSTOS'A KADAR 2 KAT DAHA FAZLA KAZANIYOR. KAMPANYAYA KATILMAK ICIN KART NUMARANIZI YAZIP 2802'YE SMS GONDERIN.
ham,Çıktık kanka geç döncem 1 saatte falan bitirmeye çalışcaz Sinemin apartında çalışcaz.
spam,1880TL Deneme Bonusu Kazandin! Cekimin Olsa Dahi Kayip Bonus! %15 Cevrimsiz Casino Yatirim Bonusu! Havale Alt Limit 250TL! www.hepbet121.com
ham,tatlım işim var o saatte tam
ham,hacı yarın sizdeyim yemekte ona göre
spam,SYN.UYEMIZ;P.C.CAST IN TANRICA SERISININ UCUNCU ROMANI ISIK TANRICASI ADLI YENI KITABI GELMISTIR.KITABINIZI SU BOYU SUBEMIZDEN TEMIN EDEBILIRSINIZ.IYI OKUMALAR.
ham,PÜSKEVİT Çılgınlığı Afrikaya da Sıçradı :)
ham,Sınav konuları paylaşıldı gruba bak.
spam,AsyaCard ile anlasmali uye isyerlerinden yapacaginiz elektronik harcamalariniza +6 Taksit firsati sizi bekliyor! Son Gun 30 Haziran. Bilgi www.asyacard.com.tr
ham,aksam ruyamda senigordum yanima gelıyordun demek ki cok ozledim seni.)
spam,Canakkale Atasay'da Anneler Günü'ne özel 500 TL ve üstü 14 ayar altin ve pirlantali ürün alisverislerinizde 'Incili Set' hediye! Detaylar 0 286 213 20 97'de.
spam,Haftasonuna ozel Freespin & Freebet Weekend Aktif Pronet Altyapi  belgesiz capraz cekim detaylar  :  https://t2m.io/GoraGuncelGiris
ham,canımn içi bu akşam müsait deilim.proje teslimim var..yrn akşam gelebilirsin ama..
spam,Emekli maasınıza zam yapıldı. Guncellenmiş bilgiler icin TC kimlik numaranızı gonderin.
ham,Komşunun arabası bizimkine çarpmış sigorta işlemi lazım.
ham,aynen kuzu benım acelem var sora konusuruz yıne
ham,aynen bende yapacagız artık bir şekilde
spam,Turkcell fatura odemeniz gecikti. Hattınızın kapanmaması icin: turkcell-fatura.xyz
spam,Size ozel 30TL ilave MaxiPuan kazanma firsati! 1-31 Mart arasi Maximum Kart'inizla toplam 1500TL alisveris yapin.kazanin.Ayrintili bilgi ve ek kosullar:4440202
spam,VakifBank Worldcardla 31 Temmuz a kadar Shell de yapacaginiz 4 adet 100TL ve uzeri alisveris size 1-10 Agustos arasi Shell de 40TL indirim kazandiriyor!
ham,yarın hesap makinesi lazımmı sana?
ham,Yatıyorum ben iyi geceler yarın okulda görüşmek üzere
ham,Çocuklar sağlıklı merak etme.
spam,Esse'de kirmizi etiket gunleri basladi. %50'ye varan indirimler CardFinans'a ozel +5 taksit firsatiyla sizleri bekliyor. Mutlu yillar dileriz.
ham,Nerde ne zaman?
ham,Olr olr frktmez o sekilde yaplim
spam,SMS 30 paketi ile her yone 30 SMS icin 12TL yerine sadece 3TL odeyin! Bu firsattan faydalanmak icin hemen SMS 30 yazin 2222ye gonderin.
ham,Kanka ben babamın yanına geçiyorum haberin olsun
ham,Kuzu hani onbeş dk diyodun? Bekle biraz daha bakalım.
ham,Akşam futbol maçı var birlikte izleriz mi?
ham,Elektrik faturanız 287 TL olarak kesilmiştir.
spam,SATIS VE PAZARLAMAYI EN iYiLERDEN OGRENME FIRSATINI 19 NiSAN'DA BONUS AKADEMiSi iLE YAKALAYIN. CV'NiZ EN iYi FiRMALARA ULASSIN. 212 286 00 46 - BONUS.COM.TR
spam,TÜRKIYENIN EN BÜYÜK BAHIS SITESINDE OYNA ILK YATIRIMA ÖZEL %300 3000TL+450 FREESPIN BONUSU 1.000TL DENEME BONUSU https://cutt.ly/grandagir
ham,ULASAMADIGINIZ +905051234455 NUMARALI ABONEYI SU AN ARAYABILIRSINIZ.Gunluk 60 DAKIKA konusma ve 100MB INTERNET PEPSI kapaklarında!Sifreler 5757ye!
spam,TTNET'TE MOTOROLA XOOM. 1GB 3G MOBIL INTERNET. TTNET MUZIK VE 1 YIL SINIRSIZ WIFI 64TL'DEN BASLAYAN TAKSITLERLE! ORIJINAL KILIFI DA HEDIYE! www.ttnet.com.tr
ham,oldu tamam bu sefer
spam,Banka kartınız kopyalandı! Koruma icin simdi tiklayin: kart-koru.xyz
ham,Buralara benzemez oralar ama burları da aratır hani haaa. Dört gözle bekliyoz walla :)
ham,Iyiym arzu$ napaym dersleri açiyorum kapatıyorum..sen napiosn sesin ckmiyoo:)
ham,Aliriza napıyosun? yarın hesap makinesini okula getirir misin?
ham,Degerli musterimiz 10.05.2011 son odeme tarihli faturaniz 30.6 TLdir.Detayli bilgi icin 7500u ucretsiz arayiniz.Bir sonraki fatura kesim tarihi 25.05.2011'dir
ham,dogum günün kutlu olsun canim arkadasim
ham,Sifrenizi kimseyle paylasmayiniz
spam,gnctrkcllliTamsil Kuru Temizleme'de 3 alternatiften (3 Gomlek.2 Ceket veya 1Takim elbise) biri 8.10 TL.TAMSIL yaz 8073'e gonder.SMS ucreti 50krs. GNCTEKLIF.COM
ham,Bugün okula gittin mi
spam,VakifBank Worldcard inizla yeniden yapilandirma kanunu kapsaminda vergilerinizi gib.gov.tr den 18 taksitle odeyebilirsiniz.Ustelik taksitler 2 ayda bir odemeli.
spam,Divarese markali urun alisverislerinizde. 1.urune %20. ayni faturadaki 2.urune %30 indirim. Ustelik ClubFinans'a +%15 ParaPuan ve +4 Taksit Firsati ile!
spam,1 Nisan-31 Mayis arasi her 100TL ve uzeri yakit aliminiza 1 cekilis hakki! 4442020
ham,tamam
ham,windows loading yapıo sonra mavi ekran iste. simdi repair yapıyo bkalım olmazsa gelirim size.
ham,Cnm ben yetisemedim sunuma:-(bitince beni ara olurmu merak ederm
ham,yarin beraber ders calisalim mi
spam,Mudo da kisa gunun kari kampanyasi! Secili hazirgiyim sezon urunlerinde gecerli %30 indirim sizi bekliyor. Sadece1 Mart'a ozel bu firsati kacirmayin!
spam,En yakin Denizbank subesine gelin sadece Avealilara ozel hem %0.77den baslayan oranlarla 77 ay vadeli kamu kredisi kullanin hem de 40TL fatura indirimi kazanin!
spam,Mudo'da Anneler icin sayisiz hediye alternatifleri cok ozel indirimler ve surprizlerle sizi bekliyor.
spam,TEB Banka Kartiniz konusturuyor! 22Mart - 26Nisan arasi TEB Banka kartindan toplam en az 150TL harcama yapin.gunluk 75 dk konusma kazanin! Bilgi icin:teb.com.tr
ham,Arzs fslri hrccz hdi gl..
spam,gnctrkcll'li.MAVI'de 125TL ve uzeri alisveriste %20 INDIRIM. Yeni sezon urunlerinde gecerli sana ozel bu firsati kacirma!Sen sectin.gnctrkcll yapti! gnckcll.com.tr
spam,Turk Telekom faturaniz icin Is BAnkasi kredi kartiniza fatura talimati verin. faturalariniz otomatik odensin. siz rahat edin. Bilgi ve ucretler:isbank.com.tr
ham,**5992 nolu Kredi Karti Ekstre Borcunuz 941.55 TL Asgari Odeme Tutari 189.00 TL ve Son Odeme Tarihi 05.04.2011 dir.
spam,500 TL Degerinde Freespin Kazandin! Rain Of Freespin Yatirim Bonusu Basladi 50 TL Betten 100 FS! Global SITE https://t2m.io/PlayicoGir
ham,İstatistik sınavında en son hangi konu çıkıcak biliyormusun?
spam,Maximum Kart'inizla 1000TL taksitli nakit avans cekip. toplam 31.5TL komisyon ve ayda sadece 94TL taksitle 12 ayda odeyebilirsiniz! Ek kosullar:maximum.com.tr
spam,Garanti Tam Destek'ten odemesi kolay. dilerseniz dosya masrafsiz destek kredileri. Diger kampanyalarla karsilastirin. farki gorun. hemen basvurun! 02124440335
ham,hic mesj fln atmıyosunn ..
spam,Maximum Kart'tan kadinlara ozel 5 kat MaxiPuan firsati! 8 Mart Dunya Kadinlar Gununde tum alisverislerinizden 4 kat extra MaxiPuan kazanin.Bilgi:maximum.com.tr
spam,Shell'de Turkcelli'ler ekstra kazaniyor!Hemn Turkcell'li ol. hem Turkcell'in avantajli tekliflerinden faydalan.hem de avantajli yakit al.Ayrintili bilgi 4442020
spam,Alisveris Festivali 18 Mart'ta basliyor!Giyim.aksesuar.kozmetik.optik.elektronik alisverislerinizde CardFinans'a ozel firsatlar yakinda cardfinans.com.tr'de!
ham,Süpermarketten ne almamı istersin? Alışverişe çıkıyorum.
ham,esparkda bulusuruz
ham,Yolculuğun nasıl geçti? hani inince haber vrecktin :)
ham,beraber gidelim o zaman sensiz tadı çıkmaz.
spam,BUGUN BONUS'UNU KULLANANLAR YARIN BEDAVA KONUSUYOR!BUGUN BONUS'LA 75TL HARCA.KONUS YAZ SLiPTEKi SiFERYLE 3340'A GONDER YARIN 75 DK BEDAVA KONUS!BONUS.COM.TR
spam,YASASIN KAMU kulubune uyelik UCRETSIZ.Hemen KAMU yazip 2222ye UCRETSIZ gonderin.SABRI OZELde %30 indirimi kacirmayin.www.turkcell.com.tr
spam,gnctrkcll'li Ahmet Serif Izgoren'in Avucunuzdaki Kelebek online egitim seti 50TL yerine gncTEKLIF ile 19 TL!Hemen GNCTEKLIF.COM'a gir. satin al!
spam,Benetton.012 ve Sisley'de Shopping Fest'e Ozel her 100 TL.'lik alisverisinize 30TL. Hediye Ceki kazanin!
spam,VakifBank Milplus tan yurticine 99. Avrupa ya 169. Amerika ya 399 TL worldpuan ile gidis donus ucak bileti firsati!Son tarih 31 Temmuz. Rezervasyon icin 4440724
ham,zaten kimse beğenmiyor diye tam ödevi paylaşmadım =p
ham,Kantindeyim
spam,"Everymatrix  DEN YATIRIM ŞARTSIZ, ÇEKİM SINIRSIZ 250 FS DENEME
YENI ÜYELİKLERDE GEÇERLİDİR
SMS GÜVENLİĞİNİ AKTIF ET BONUSU AL! 
GİRİŞ :https://dub.is/hizli-simay"
ham,Bende hiç anlamadım ya :S
spam,Avea nin firsatlarindan haberdar misiniz? Size uygun teklifi kacirmamak icin bizi.gonderdigimiz SMS lerden. epostalardan ve online islem merkezinden takip edin!
spam,Turkcellliler Migrosta Yasadi!Migrosta 50 TL alisverise 50TL/125dk bedava konusma icin MONEY(bosluk) 16 hane Money Club kart nonu 2830a yolla!moneymobileclub.com
spam,Kargo şirketinizden bilgi: Paketiniz teslim edilemedi. Adres guncellemesi icin: kargo-tr.net/guncelle
ham,Bekle beni istersen yetisicem kesin
ham,cnm kargon geldi odana bıraktım haberin olsun
ham,"Sizi arayan numaralar: ""05351234567"" ( 03.06.13:18 )( 3 ) Bu mesaj ucretsizdir."
spam,SGK'dan önemli bildirim: Sağlık sigortanız sona eriyor. TC no ve dogum tarihinizi gonderin.
ham,Yok abi sen gt.Ben yatm birz sabah erken caliscm.
spam,Netflix aboneliginiz sona erdi. Hemen yenileyin yoksa iceriklere erisim kaybedersiniz: netflix-tr.net
ham,Toplantı notlarını paylaşır mısın?
ham,Edacim o zaman hep bulustugmuz yerde 1 bucukta bulusalm bgn. Doktorlarn girsnde yapi kredinin orda.grsmk üzre :)
spam,Hesabiniz guvenlik nedeniyle askiya alindi giris yapin
ham,ben gelemem ya
ham,nerdesin la
spam,Vakifbank internet ve telefon bankaciliginda dijital sertifika yukleme. telefon marka - modeli ve kart bilgileri hicbir sekilde istenmemektedir.4440724
spam,Simdi ayda sadece 9 TL'ye her yone tam 2 saat ve ayni tarifedekilerle sinirsiz konusma firsatini kacirmamak icin Avea bayilerine gelin.
ham,Kanka gece 1-2 ekolde maç var ne dion :?Senin için 6 dan sonraya aldim maci :)
spam,gnctrkcll'li.Eskisehir Danset'te 1 Aylik diledigin dans kursu 70 TL yerine 35 TL! Hemen GNCTEKLIF.COM'a gir. satin al! Firsati kacirma
ham,kuzum misafir var şimdi atamıcam
ham,En büyük fener şampiyon fener :)
spam,Degerli musterimiz. gelir belgesiz.kefilsiz 10000TL on onayli ihtiyac kredinizi cazip oranlarla kullanin. 3 ay sonra odemeye baslayin. Subelerimize bekliyoruz.
spam,Ayda 29TLye AveaKamulularla SINIRSIZ. Avealilarla 3000dk. heryone 300dk konusabileceginiz KAMU300 PLUS Tarifesine gecmek icin 300PLUS yazip 2010a gonderin.
spam,ODEON TOURS'da CardFinans ile %35'e varan indirim  + 12 taksit veya 500TL uzeri harcamalarda 8 taksit + simdi al. haziranda ode. Son gun 4 Nisan. 212 4440684
spam,2 Mayis-2 Haziran tarihleri arasinda WebSubeme giris yapan herkese 1 aylik Tivibu Web Baslangic Paketi hediye! Detay vakifbank.com.tr. 444 0 724 AloSubem
ham,Fakir bebeğin içemediği sütü. zenginin köpeği içiyorsa; bana adaletten bahsetmeyin.
ham,cnm nbr?nası gidio??sınavların ne zmn??
spam,Mujde! Simdi 3Gye gecenler gunluk 30dk Turkcelllilerle gorusme.100MB internet ve MobilTV kazaniyorlar.3G farkini BEDAVA denemek icin 3G yazin 2222ye gonderin
spam,"1.000 TL Deneme Bonusu Kazandin
Ilk Yatirima Ozel 0 CEVRIM %100 1000TL Nakit 
TRde TEK OtoHAVALE Ile ALT LIMITI 250TL
MATADORBET: https://cutt.ly/MatadorlaKazan"
ham,Bugün stajım başlıyor heyecanlıyım.
spam,Vestel'de CardFinans'a ozel 1200 TL ve uzeri alisverisinize Vestel kahvalti seti hediye! Ustelik 2-4 taksit arasinda +8 taksit firsatiyla. www.cardfinans.com.tr
spam,Faturali 15'lik Tarife ile ayda sadece 15 TL ye her one 150dk. her yone 150SMS! Ustelik tarifeye gelen herkesle konusmak da bedava. Avea bayilerine bekliyoruz.
ham,ya çok sevildiğim için çok iyiyim ya da çok iyi olduğum için çok seviliyorum. işte bunu bilemiyorum.
ham,Annen aradı akşam yemeğe gel dedi.
ham,esbayda maç var 8-9
spam,Mudo da kisa gunun kari kampanyasi! Secili hazirgiyim sezon urunlerinde gecerli %30 indirim sizi bekliyor. Sadece 1 Mart'a ozel bu firsati kacirmayin!
spam,444cicek.com da Avealilara tum urunlerde %20 indirim. CICEK yaz. 5060a gonder. sifren cebine gelsin. avea.com.tr/avantajavea
spam,Amazon paketiniz gümrükte bekliyor. 47 TL ödeme: amazon-kargo.net
ham,bilgisayari getir
ham,ustadim onu ben de cozemedim ama 10 gune geliyom hallderiz bi sekil.
spam,Yeni Turkcell avantaj paketleriyle yurtdisinda da rahat rahat konusabilirsiniz.Ihtiyaciniza gore sadece 15TLye gunluk 30dk yada 49TLye 1ay boyunca 90dklik konusma paketlerinden size uygun olani almak icin yurtdisina cikmadan mutlaka arayin.4440532
ham,neredesin kantine gel.
ham,selam abi... abi fizik soruları hatırlat demiştin... abi bul lütfen... iddiaya girdim kazanmam lazım... lütfen
spam,Benetton.012 ve Sisley'de her 100 TL'lik alisverisinizin 25 TL'si bizden!
spam,YKM Outlet'te indirimli fiyatlara ilave %35'e varan indirim! YKM Kart'la gecerli olan bu firsati kacirmayin.
spam,"PTT: Paket bekliyor, 2 TL öde: ptt-xyz.net"
ham,Sayin musterimiz 08.07.2011 son odeme tarihli faturaniz 35.0TLdir.Detayli bilgi icin 7578888i ucretsiz arayiniz.Bir sonraki fatura kesim tarihi 25.07.2011dir
ham,Geliyon mu ???
spam,BABA Tarifeyle dilediginizce konusup rahat rahat mesajlasabilirsiniz! Ayda 55TL'ye yurtici heryone 1.000 dk ve 1.000 SMS icin hemen BABA yazip 6363'e gonderin.
spam,1-30 Nisan arasi Maximum Kart'inizla toplam 1000TL alisveris yapin. PUAN yazip kartinizin son 6 hanesi ile 4402ye gonderin.40TL ekstra MaxiPuan kazanin.4440202
spam,Son 8 gun! 15-31 Aralik arasinda CardFinans'inizla 500TL harcayin 9000ile biten kartiniza yukledigimiz 25000 ParaPuan sizde kalsin! Detaylar: cardfinans.com.tr
ham,Ve aşk; O omzuna yattığında. rahatsız olmasın diye kılını bile kıpırdatmamaktır.
spam,Apple ID'niz kilitlendi. 24 saat icinde dogrulama yapmazsan hesabınız silinir: apple-dogrula.net
ham,Neyse Emo gelmiyor Orçunda cevap atmadı. Akşam haberleşiriz yine gelirsin sen :) .
ham,0433232685 buydu
spam,Internet paketi simdi %50 daha ucuz! 3 ay boyunca ayda sadece 5 TLye internete baglanmak icin 3 AY yazip 222ye gonderin. internetin keyfini doya doya cikarin
spam,Derimod'da tum ayakkabi ve cantalar etiketin yarisi fiyatlar ve CardFinans'a ozel 10 Taksit firsati ile sizleri bekliyor! Keyifli alisverisler!
spam,KPSS sonucunuz açıklandı öğrenmek için: kpss-sorgula.xyz
spam,%50'ye varan Yaz Indirimi basladi. Tum EKOL magazalarinda ve ekolonline.com'da.. 03124738610
spam,Vodafone Chat'e uye ol.hem gunde 250 SMS ile doyasiya mesajlas hem de IPAd kazanma sansi yakala!Hemen HEDIYE yazip 5454'e gonderin.(Gunluk 1.2TL)Yrd:5413880821
spam,KATLA YAZIP 1616'YA GONDERIN TL'NIZI KATLAYIN! 5TL'NIZ ILK KATILIMDA 50TL.2.DE 100TL.3.DE 150TL.4.DE 200TL OLSUN.1 HAFTA BOYUNCA TARIFENIZDEN SEBEKEICI KONUSUN
spam,31.12.2010 tarihine kadar isbank.com.tr. 444 02 02 veya Is Bankasi Subelerinden yurtdisina doviz havalesi gonderene 20 TL MaxiPuan hediye! Bilgi: isbank.com.tr
ham,Hava çok güzel parkta yürüyüş yapalım mı?
ham,biz fiestadayız dj hero oynuoruz gel sende cnm
spam,Yaz esintisini odaniza tasiyoruz. Nakisli. kopanakili ve biyeli pikelerde %25. pamuk polyester yatak ortulerinde %50 indirim firsati English Home magazalarinda
spam,gnctrkcll'li. Meshur McDonald's kampanyasi. 1 menu alana 1 menu hediye. gelecek Cuma basliyor. Ilk kampanya sifren gnctrkcll'den sana hediye. Sifren: 51321
spam,gnctrkcll'li.MAVI'de 125 TL ve uzeri alisveriste %20 INDIRIM. Yeni sezon urunlerinde gecerli sana ozel bu firsati kacirma!Sen sectin. gnctrkcll yapti! gnctrkcll.com
ham,audi ye binmeyi ne kadar sevdiğini biliyorum zaten :)
spam,Taksit yapamadiginiz yerlerde de artik TaksitKolay! CardFinans'inizla yaptiginiz 50 TL ve uzeri harcamalariniz icin 4440900'u arayin. 3-6-9 taksite bolelim.
spam,Istanbul Shopping Fest Divarese vitrinini oylamk icin SF6. ad soyad. cep telefonu ve adresinizi 7273'e atin. Bosphorus City'den ev kazanma sansi yakalayin!
spam,Fabrika'da 1. urune %20. 2. urune %40 indirim! Ustelik Axess'e ozel +4 TAKSIT ve %5 CHIP-PARA!
ham,tamam oldu sen bılırsın
ham,adas napıon be hic sesin solugun cikmio:)
ham,gamigami ben hazırım.sende hazırsan cıkalım bi an önce yoksa geç kalacaz...
spam,Sabi Ozel magazalarinda tum sezon urunlerinde %40.kirmizi etiketli urunlerde %50 indirim avantaji sizleri bekliyor.
spam,E-devlet bildirim: Adınıza sahte evrak düzenlenmiş. Simdi kontrol edin: edevlet-sorgula.xyz
ham,Kanka Yarin piknik işi noldu ?
spam,23 Subat'a kadar Is Bankasi'ndan TTNET faturaniz icin talimat verin. cekilis ile Golf marka araba. Paris seyahati ya da Nokia Booklet kazanin! 4440202
ham,tamam geliyorum
ham,Napalım kardeş seni sormalı.
ham,Çarşıdayım sen nerdesin?
ham,ya anlatayım size isterseniz dayı hayırdır ne oldu dedim?diler hanım
ham,yemek hazırmı ??
spam,Son dakika: Deprem yardım fonu dağıtılıyor. TC kimlik no ile basvur: deprem-yardim.com
ham,Faturayı yatırdım dekont geliyor.
spam,Bosch beyaz esyalar CardFinans'a ozel +8 taksit veya 2012'de baslayan odeme secenekleri ile sizleri bekliyor. Ayrintili bilgi icin www.cardfinans.com.tr
spam,gnctrkcll'li.MAVI'de 125 TL ve uzeri alisveriste %20 INDIRIM. Yeni sezon urunlerde gecerli sana ozel bu firsati kacirma!Sen sectin.gnctrkcll yapti!gnctrkcll.com
ham,**5992 nolu Kredi Karti Ekstre Borcunuz 1.401.67 TL Asgari Odeme Tutari 281.00 TL ve Son Odeme Tarihi 06.06.2011 dir.
spam,gnctrkcllli.artik muzik gncplay.com da dinlenir!. Hemen yenilenen www.gncplay.com a gir. Milyonlarca sarki icinden. istedigini kolayca dinle!
ham,olmus bil
spam,gnctrkcll'li. Eurolingua'da 60 saatlik (1kur) Ingilizce ya da Almanca Egitimi 360 TL yerine sadece 99 TL! HEmen GNCTEKLIF.COM'a gir. satin al!
spam,SiZE OZEL %5 BONUS! 26-27-28 SUBAT'TA TEK SEFERDE 100TL VE UZERi ALISVERiSLERiNiZE %5 BONUS! KAZAN YAZIN 3340'A GONDERiN KATILIN!(max 25TL) bonus.com.tr/yuzde5
spam,FATURASIZDA HERSEY DAHIL PAKET ILK DEFA TURKCELLDE!HER YONE 200 DK.100 SMS.100MB internet AYDA sadece 20TL!Numaranizi tasimak icin Turkcell noktalarina bekliyoruz
spam,Mudo Outletlere once gelen kazaniyor! Mobilya basta olmak uzere sayisiz Mudo concept urunu buyuk indirimlerle kisa bir sure icin Outletlere devir oldu!
spam,Mudo'ya once gelen kazaniyor! Sayisiz Hazir giyim urunu buyuk indirimlerle Outletlere devir oldu.Ustelik ilk 3 gun Exclusive Carda tek odemede extra %10 indirim
ham,radara yakalanmışsın baban söyledi cezayı eve yollamışlar parayı versin diyo :D
ham,**5992 nolu Kredi Karti Ekstre Borcunuz 1.119.25 TL Asgari Odeme Tutari 247.00 TL ve Son Odeme Tarihi 05.07.2011 dir.
spam,Tebrikler! Turkcell cekilisinde 5000 TL kazandınız. Odulunuzu almak icin hemen tiklayin: bit.ly/odulal
ham,geliyorum
ham,Tamam kuzum yarın bezelye yapalımda yiyelim gelirken patates alyımda :)
ham,nerdesin
spam,VakifBank Kredi Kartiniz ile www.turktelekom.com.tr den faturalariniz icin otomatik odeme talimati verin. 10 TL degerinde Worldpuan kazanin!vakifkart.com.tr
ham,ahmad ne yapiyorsn database odevi ne zamana
ham,Oglen birlik'e gidecegim gideceksen ses et
spam,Sayin GUNAL.8kg ve ustu tum Camasir Makinelerimiz size ozel 500TL.lik buyuk indirimle.Sadece 7 gun boyunca Arcelik bayilerimizde.
spam,Sabri Ozel'de Babalar Gunune ozel %35+10 indirim firsati 19 Haziran'a kadar magazalarimizda devam ediyor.
spam,Elektrik faturanız ödenmedi. Kesinti yaşamamak için simdi ödeyin: bedas-odeme.com Son tarih yarın.
ham,sen nerdesin
spam,Tebrikler! UCRETSIZ DIJITAL FOTOGRAF MAKINESI KAZANDINIZ.Hemen 7551880 i arayin UCRETSIZ HEDIYENIZI ve tasarruf cihazinizi almayi unutmayin.Numaramiz 7551880
ham,Bir dakika canım
spam,Cep Anahtar uygulamasini cep telefonunuza indirmek icin tiklayiniz.
spam,Tatil harcamalariniz icin Aninda Kredi! CardFinans'inizdan tek telefonla 1000TL kredi alin. 69 TL taksit ile 18 ayda kolayca odeyin. Bilgi icin 4440900'u arayin
spam,"1000TL Yeni Uyelge Cevrmsz Nakt
HerGun %100-2000TL Yatirim Bonusu Sansi
1000TL CANLI CASNO HEDYESI
Kod: STB1000TL
Hemen Tikla!
STB https://cutt.ly/nrqvJqyU"
ham,vardım vardım siz.
spam,Beklenen gun geldi. tum sezon urunlerinde ETIKETIN YARISI kampanyasi sizleri Relax Mode magazalarinda bekliyor.
ham,Sistemle ilgili planiniz ne haber bekliyorum senden saat fark etmez gorunce cevap at.
spam,KIS SEZONUNUN SON BUYUK FIRSATI TEK FIYAT INDIRIMI BUGUN BASLADI... TUZUN
ham,Tamam o zaman öle yapalm cnkü hafta sonu bzm kulübn etknligine ktlablrm.
ham,tamm baba ben eve gidiyorum. dönüşte annemi de alır gelirsin.
ham,Finansbank Internet Subesi sifreniz blokelenmistir. www.finansbank.com.tr'den Aninda Sifreyi tiklayarak kart bilgilerinizle yeni sifrenizi hemen alabilirsiniz.
ham,Bu akşam leventlerde buluşucaz istatistik çalısıcaz haberin olsun gelmek istersen buyur gel
ham,Nerede buluşalım kafede mi yoksa parkta mı?
spam,KIGILI'dan son sans CardFinans'a ozel 7 taksitle! Gomlek.pantalon ve triko 39TL. mont-kaban 99TL. takim elb. 199TL!Inanilmaz fiyatlar ekstra hediye cekleriyle!
spam,Tebrikler! Opet'te akaryakit aliminda harcanabilir 5 TL degerinde Paropuan kazandiniz. Opet istasyonlarinda 15 Temmuz'a kadar puanlarinizi harcayabilirsiniz.
spam,Siz Turkcell Kamululara ozel!2ay boyunca HEryone ucretsiz 1000smsnizden hemen yararlanmak icin BEDAVA SMS yazip 222ye gonderin
spam,CEPAVANS SERVISINIZ AKTIFTIR.TL'NIZ BITINCE AVANS TL'LERINIZI KULLANARAK ILETISIME DEVAM EDEBILECEKSINIZ. SERVIS IPTALI ICIN AVANSIPTAL YAZIP 7505'E GONDERINIZ.
ham,evde agri kesici varsa gelirken getir :)
spam,gnctrkcllli.Durumcu Bekir Ustada 1Adana durum+1 ayran+3cig kofte+4cesit salata sadece 6 TL! BKR yaz 8073e gonder. smsle satin al.SMS ucreti 50krs. GNCTEKLIF.COM
spam,Turkiyenin VINN?i sadece Turkcellde!Ilk ve tek 3 ay sozlesmeli 3G modem VINN. 39TL on odeme ve 4GB internet ile tum vergiler dahil ayda sadece 39TL!
spam,Internet paketi simdi %50 daha ucuz! 3 ay boyunca ayda sadece 5 TLye internete baglanmak icin 3 AY yazip 2222ye gonderin. internetin keyfini doya doya cikarin
ham,evde misin
ham,hayırlı akşamlar ne yapıyıyorsunuz ablalarım.  nasılsınız?  yiğenim ne yapıyor? okula devam etsin düzenli kereta:=)
ham,10 du galiba.
spam,Ücretsiz hediyenizi almak için tıklayın: indirim.xyz/kazan
ham,kacinci kat
ham,Merhaba ben Ozer Ozdemir telefon numarami degistirdim bu yeni numaram. 0537 li numaram iptal oldu. haber vermek istedim. Yeniden gorusmek dilegiyle. hoscakalin.
spam,KFC'ed her 20 TL'e 4 TL. Pizza Hut'da her 15TL'ye 3TL Paropuan hediye.Puanlarinizi 31.01.2011'e kadar KFC ve Pizza Hut restoranlarinda kullanabilirsiniz.
spam,"NaN selam ben Ada 1000 TL DENEME AYARLADIM
Dumandan ayrildim KATLA'ya gectim
HAVALE 250TL
%300 Bonus
%100 Bonus
t.me/katlaresmi
t.ly/katlasms"
ham,yarın saat 2'de esparkta buluşalım mı cnm?
ham,Dostm ne demek .d yoladm simdi
spam,12 Mart'a kadar anlasmali istasyonlardan farkli gunlerde tek seferde yapilan 3. 100TL akaryakit alimina 20TL.5. 100 TL'lik alima 40TL ParaPuan.cardfinans.com.tr
spam,Degerli musterimiz. gelir belgesiz. kefilsiz 10000TL on onayli ihtiyac kredinizi cazip oranlarla kullanin. 3 ay sonra odemeye baslayin. Subelerimize bekliyoruz.
spam,gnctrkcllli. Meshur Konyali Kardesler' de 2 adet etli ekmek. 2 sise kola.2 adet salata 16 TL yerine gncTEKLİF ile 8TL! GNCTEKLIF.COM'a gir.satin al!
ham,Geldim aç kapıyı.
ham,Bakarız bişi çıkmaz la:)sen gel bizle pişman olursun sonra
ham,Hayir cnm bi film daha izledm harikydi.sen napyn?
ham,Canım iyiyim uyukluyodum işte sen napıyosun?
ham,s.a. dostum dife ne zaman calisacaz bi karar verelim ben hic bisey bilmiyorum
ham,Kartaca kim kuzu nerenin firması yarın bakarız
ham,Hesabınıza 1500 TL yatırılmıştır. Bakiyeniz: 3240 TL
spam,KIGILI'DA INANILMAZ KAMPANYA! TRIKOLARDA 3 AL 1 ODE FIRSATI BASLADI! AYRICA% 60 NET INDIRIM DEVAM EDIYOR! BIZIMLE YENI YILIN EN SIK EN SANSLI ERKEGI SIZ OLUN!
spam,Sizi arayanlara dinletmeniz icin Nisan sonuna kadar ArayanaDinletler UCRETSIZ! Sarkinizi secmek icin 7060'i (20Kr/dk) arayin ya da ABONE yazip 7060'a gonderin.
ham,Audi burda:)
spam,TTNEt'ten super firsat! Casper ve HP'den 5 farkli bilgisayar 14.99 TL'den baslayan fiyatlarla TTNET satis noktalarinda. Ayrintili bilgi icin www.ttnet.com.tr .
ham,4 gibi çarşi da olabilirmisin?
spam,VakifBank Worldcard inizla 30 Nisan a kadar 100 TL ve uzeri giyim. kozmetik ve aksesuar alisverislerinizde +3 taksit veya 2 ay erteleme firsati!
ham,tamam canım yine haberleşiriz
spam,"GPRS Servisinizi aktif hale getirmek icin lutfen bu mesaji ""GPRS"" yazarak cevaplayiniz. VODAFONE"
spam,OTP kodunuzu kimseyle paylaşmayın. Banka müdürü: kod-gonder.xyz
ham,Toplantı saat 15:00'e ertelendi bilgin olsun.
spam,3G li ve 2MP kamerali Nokia 2730 ayda sadece 4 TLye Aveada! Hemen Avea bayilerine gelin bu firsati kacirmayin. Detayli bilgi icin www.avea.com.tr
ham,Vakifbank WebSubem girisi icin tek kullanimlik sifreniz: 160038 . Sifreniz 3 dk gecerlidir. Tarih: 14.02.2011 Saat: 13:53
ham,haji eve ekmek lazim mi ?
ham,görüştüm ama bibi cıkmaz
spam,gnctrkcllliye SONY PSP 3004te cilgin fiyat basladi!sadece 349TL hem de yaninda 1 oyun hediye!bu firsati kacirip uzulme.sen sectin gnctrkcll yapti.gnctrkcll.com
spam,Sabri Ozel'de size ozel fiyat avantajlari devam ediyor.Sezon urunlerinde %50 indirim firsatini kacirmayin
ham,Ne kadar nazik havaymis.yağmak için eve varmamızı bekledi.diye mesaj atacaktımki eve arkadasım sırılsıklam geldi :DD
ham,annenler haftasonu geliyorlardı dimi?
ham,ya işim var o saatte tam
spam,Sayin SEMIH ERGIN SONY Internet TV cekilisinde bir hak daha kazanmak icin www.facebook.com/garanti 'deki Internet TV sekmesinde kodunuzu girin!
ham,Şarj aleti masanın üstünde kaldı alabilir misin?
spam,Beklenen  Sabri Ozel indirimi basladi!! Kis sezonu urunlerinde %70'e varan indirim.Keyifli alisverisler.
ham,Degerli musterimiz 07.04.2011 son odeme tarihli faturaniz 31.3TLdir.Detayli bilgi icin 7500u ucretsiz arayiniz.Bir sonraki fatura kesim tarihi 25.04.2011'dir
ham,ben kodu yazdım atarım netten
ham,Kanka emin misin yanlış anons olmasın :)
spam,BOYNER magazasinda BOURJOIS markasinda 18-19-20 Mart tarihlerinde 3 AL 2 ODE kampanyasi baslamistir. Sizleri standimiza bekliyoruz. Bourjois uzmani Filiz Abay
spam,Sabri Ozel magazalarinda tum sezon urunlerinde %40.kirmizi etiketli urunlerde %50 indirim avantaji sizleri bekliyor.
ham,Işin yoksa langırtlı kısma uğrar mısın
ham,sinemaya gitmıcekmıyız
ham,cnm ben yoldayım okula gidiyorum 11 de ders var girmeyecekmisin??
spam,CardFinans'tan tek telefonla Aninda Kredi! Formalitesiz. kefilsiz 1000 TL kredi alin. 70 TL taksitle. 18 ayda kolayca odeyin. Bilgi icin 4440900'u arayin.
ham,Tamam benimde isim uzadi gelemeyecegim
ham,gunaydin
spam,Aveada internet ayda sadece 9 TL! Jet model ile kontrat yok.paket asim karkusu yok! 1 GBi asinca 29 TLlik 4GB paketine otomatik gecis var!Haydi Avea bayilerine!
ham,tamam oldu
spam,VAKIFBAKTAN ANNELER GUNUNE OZEL UYGUN FAIZ ORANI VE 11 AY VADE SECENEGIYLE 5.000.-TL TAKSITLI IHTIYAC KREDISI. DETAYLI BILGI ICIN www.vakifbank.com.tr
spam,English Home yaz esintisini perdelerinize tasiyor. Evinize ozel tuller 9.90TL/metre. fonluklar 12.90-29.90TL/metre. Keyifli alisverisler.
ham,ne oldu bu kadar önemli
ham,Bu sefer eminim :)
spam,Siz Turkcell Kamululara ozel!2ay boyunca Heryone ucretsiz 1000smsnizden hemen yararlanmak icin BEDAVA SMS yazip 2222ye gonderin
spam,Turk Telekom'dan Anneler Gununde. tum gun. evden cepler ve yurtdisi da dahil her yonu aramak bedava. Arayin konusun doya doya. Bilgi:www.turktelekom.com.tr
spam,BUYUK SEZON İNDİRİMİ % 50 İNDİRİM BUGUN BASLADI...TUZUN
spam,İş Bankası müşterisi: Hesabınızda 3 başarısız giris denemesi. Guvenliginiz icin: isbank-dogrula.com
ham,ogelden sonraki derse giriyo msun
spam,KIGILI DA BEKLENEN BUYUK INDIRIM BUGUN BASLADI! THSIRT 29TL. PANT 39TL. GOMLEK 39TL. MONT 99TL. TKM ELB 199 TL URUNLER TUKENMEDEN GERCEK FIRSATI YAKALAYIN!
spam,gnctrkcll'li. 222 Park One Night Club'da 1 adet icki dahil giris biletin 15 TL yerine 7.5 TL! Hemen GNCTEKLIF.COM'a gir. satin al! Firsati kacirma
spam,gnctrkcll'li. Meshur McDonald's kampanyasi. 1 meu alana 1 menu hediye.gelecek Cuma basliyor. Ilk kampanya sifren gnctrkcll'den sana hediye. Sifren:51321
spam,Tebrikler Kazandin! Playicoda 100 Freespin seni bekliyor. Uye ol Bonus talepten Al ! 1000 TL Cek ! detaylar : https://t2m.io/PlayicoGir
ham,Java kitabım sende kalmış sanırsam gelirken getirebilirmisin kardeş:)
ham,yok kanka canını yirim niye atıyosun? sistem nasıl oldu?
ham,aynen benimde ama diğerlerinden umutlu değilim pek
spam,KFC ve Pizza Hut Restoranlari'ndan 28 Subat'a kadar yapacaginiz 30TL ve uzeri ikinci alisverise maximum Kart'a ozel 10TL MaxiPuan hediye! Bilgi: maximum.com.tr
ham,Çocuk okula gitmek istemedi biraz zor sabah oldu.
spam,Vodafone'dan büyük kampanya! 100 GB internet sadece 5 TL. Hemen al: vodafone-kampanya.xyz/al
ham,Geany sum.c olarak kaydet derler
spam,100 MB internet paketi simdi %50 INDIRIMLI! 3 ay boyunca ayda 5 TLye internete baglanmak icin 3 AY yazip 2222ye gonderin. internetin keyfini doya doya yasayin
ham,Eskiseerde havalar nasıl meendiz bey. biz burda yanıyok :):):)
spam,Bursunuz onaylandı! 2500 TL destek almak için: burs-basvuru.xyz
ham,merhaba napiyon
ham,yuhhh ben hic duymadim
ham,Hadi ya tmm :S
ham,10 dakikaya çıkıcam canım evden
ham,**5992 nolu Kredi Karti Ekstre Borcunuz 1.549.00 TL Asgari Odeme Tutari 310.00 TL ve Son Odeme Tarihi 07.03.2011 dir.
ham,ben geliyorum
spam,"Degerli Musterimiz. kredi karti limitinizin ihtiyaciniz dogrultusunda Bankamizca otomatik olarak artirilmasi icin bu mesaji ""LIMIT"" yazip cevaplamaniz yeterli."
ham,En erken kaÇta gelirsin
spam,100TL BONUS! 15 HAZiRANA KADAR 4440333'U ARAYIP 1-3-5 TUSLAYARAK FATURA TALiMATI VERiN.1 FATURAYA 15.2 FATURAYA 30.4 FATURAYA 50.6 FATURAYA 100TL BONUS KAZANIN.
ham,hiç canim istemiyo
spam,30 NISANA KADAR ALTIN YAZIP 3340A GONDERiN ALTIN BONUSA BASVURUN; BONUS UYE iSYERLERiNDE 150TL VE UZERi ALISVERiSE 0.5GR ATAKULCHE ALTIN KAZANIN. bonus.com.tr
spam,Akbank: Olağandışı islem tespit edildi. Guvenliginiz icin kartınızı iptal etmek uzere tiklayin: akbank-guvenlik.com
ham,çalıştın mı ya sınavlara
ham,Kardeşim Emreyi bekliyoruz kuzeniyle araba pazarına gitmiş otograın oraya. sinir oldum.
spam,Internet Subesi musterilerine ozel %20 indirim beymen.com'da! Internet Subesi'ne giris yapip garanti.com.tr'deki formu doldurarak promosyon kodunuzu aninda alin
ham,Yarın spor salonuna gidecek misin? Ben gideceğim.
ham,İnşallah bebeğim sen mutlu ol :)
ham,Yurda kacta gitceksin.gel bi burger yapalim
ham,Tamam haber et madem müsait olunca.
ham,Guray bizim postalama isi ogleden sonraya kalacak sanirm.ddigerlerine ulasinca sana haber verirm biz napacagimizi
spam,VakifBank Worldcardla 31 Temmuz a  kadar Shell de yapacaginiz 4 adet 100TL ve uzeri alisveris size 1-10 Agustos arasi Shell de 40TL indirim kazandiriyor!
spam,Trendyol siparişiniz için ödeme başarısız. Kart bilgilerinizi guncelleyin: trendyol-odeme.net
spam,SON GUN 30 NISAN! Hemen KATLA yazip 1616'ya gonderin. 5TLniz katlansin 50 TL olsun. 1 hafta boyunca Vodafonelularla kendi tarifenizden konusun.
ham,Adamim su an net degil ama yok gibi duruyorsun suanda
ham,Alışveriş listesi: süt yumurta ekmek peynir.
spam,Degerli Kamu musterimiz.efsane KAMU1200 dondu! Bu paketle herYone 1200dk konusup ayda sadece 40TL odeyeceksiniz.KAMU 1200 yazip 222ye gonderin hemen yararlanin
spam,Artik yeni cihazinizla cepten internet daha keyifli!Cebinizden Facebook. Google ve tum internete 100MB paketle ayda SADECE 5 TLye ulasmak icin hemen 3AY yazip 2222 ye gonderin.
spam,Değerli uye puan bakiyeniz sona eriyor. 5000 puanınızı kullanmak icin tiklayin: bonuspuan.xyz
ham,cnm napiosun.executable jarı yapamadımda sen yaptıysan anlatabilir misin
ham,beybim bu akşam sana gelcem müsaitmsn??
ham,okuldayim
ham,Randevu hatırlatma: Diş doktoru 14:30 Çarşamba.
spam,Faturanizi otomatik odeme talimatiniz ile odeyin.3 ay icinde otomatik odediginiz her fatura icin 1 ay aksam 9dan sabah 9da Turkcelllilerle BEDAVA mesajlasin
spam,YASASIN KAMU kulubune uyelik UCRETSIZ.Hemen  KAMU yazip 222ye UCRETSIZ gonderin.SABRI OZELde %30 indirimi kacirmayin. www.turkcell.com.tr
ham,balim nasilsin
ham,Yuppi o zaman bide bana şans dile kelebeğim ya kimyadan sınavım var
ham,Database i soralim yarin unutma
ham,haci bana imza at birde hoca ne zaman sınavları okuyacakmış?
ham,ben yatiyorum simdi lakin korkuyorum üsücem dye
ham,nasilsin
ham,Sizi arayarak veya mesaj gondererek cesitli hediyeler kazandiginizi bildirenleri aramayiniz. kredi karti veya kisisel bilgilerinizi vermeyiniz www.asayis.pol.tr
spam,Siz Turkcell Kamululara ozel!2ay boyunca HERyone ucretsiz 1000smsnizden hemen yararlanmak icin BEDAVA SMS yazip 2222ye gonderin
ham,Trafik çok yoğun biraz geç kalacağım.
spam,VAKIFBANKTAN SIZE OZEL. UYGUN FAIZ ORANI VE VADE SECENEKLERIYLE TATIL KREDISI... BILGI ICIN: www.vakifbank.com.tr
spam,Arayip ulasamadigin * numarasina hemen tikla sadece 1TLye sesli mesaj birak!11 Marta dek 1 sesli mesaj birak. 300 UCRETSIZ sesli mesaj hakki kazan!
spam,TEB Banka Kartiniz konusturuyor! 22 Mart - 26 Nisan arasi TEB banka kartinizla toplamda en az 150TL harcama yapin.gunluk 75 dk konusma kazanin! Bilgi:teb.com.tr
ham,Sayin musterimiz 08.06.2011 son odeme tarihli faturaniz 32.6TLdir.Detayli bilgi icin 7578888i ucretsiz arayiniz.Bir sonraki fatura kesim tarihi 25.06.2011dir
ham,"Zafer ""Zafer Benimdir diyebilenindir. Basari ise ""Basaracagim"" diye baslayarak sonunda ""Basardim"" diyebilenindir. 30 Aqustos Zafer Bayraminiz Kutlu olsun."
spam,CardFinans'tan tek telefonla Aninda Kredi! Formalitesiz. kefilsiz 1000 TL kredi alin. 70 TL taksitle 18 ayda kolayca odeyin. Bilgi icin 4440900'u arayin.
spam,"Sizi arayan numaralar:""05325497670"" (17.12.13:54)(1) Bu mesaj ucretsizdir. Bu mesaji 2222'ye gonderip arayanin kim oldugunu 90 kurusa ogrenebilirsiniz."
spam,gnctrkcllli.sana ozel avantajli teklifler gncteklif.comda' Yemek/Eglence/Giyim aradigin her sey burada.Her gun farkli teklifler gncteklif.comda seni bekliyor
ham,Sabah erken toplantı var alarm kur.
spam,gnctrkcll'li. Meshur McDonald's kampanyasi. 1 menu alana 1 menu hediye. gelecek Cuma basliyor. Ilk kampanya sifren gnctrkcll'den sana hediye. Sifren:51321
spam,Yarinin buyukleri. gelecegimizi emanet ettigimiz cocuklarimizin ve tum ulusumuzun 23 Nisan Ulusal Egemenlik ve Cocuk Bayramini kutlariz.
ham,Akşam yemeği için ne pişireyim?
spam,3G hizinda internet simdi cok avantajli! Hem de asim ucreti. surpriz vergi yok. Siz Kamululara ozel 12 ay -29 TL lik 4GB VINN icin en yakin TIMe bekliyoruz.
ham,haci dogum gunun kutlu olsun yaaa. biraz gec oldu ama :S
spam,FIRSAT yazin 2222'e ucretsiz gonderin. hem gunluk 30 dk konusma kazanin hem de Turkcell CepteFirsat ile markalarin FIRSATLARINI ilk siz ogrenin!
ham,Canim.internetten siparis vermeye calistigimiz piranhadan 2 tane var doktorlar teknosada 74.90 tl ye. Biraz burdan biraz media markttan aliriz. Iyi dersler
spam,PTT Kargo: Paketiniz depoda bekliyor. 2 TL odeme yapılması gerekmektedir: ptt-kargo.xyz/odeme
ham,Cadde üzerinde Yeni site C blok no 3 zilde gokcer ozan tuna yaziyo
spam,GencTarife SMS teklifinde super degisim!Doya doya mesajlas diye 17 Subat itibariyle. gun icinde Turkcell yonune ucretli 3 SMS gonderdikten sonra ayni gun icinde kullanabilecegin Turkcell yonune ucretsiz 1000 SMS kazanacaksin.
spam,Benetton.012 ve Sisley'de her 100 TL.'lik aliverisinize 20 TL.Hediye Ceki kazanin!
spam,Pasaportunuzun süresi doluyor. Hızlı yenileme: pasaport-yenile.net
ham,ben mert bak bu da benim yeni numaram dayanamadim digernin de kont btmsti de aldm smdi acldi artk bundaym tamam mi. gorusuruz.
spam,Migros.Tansas.Sok.5M.Macro.da 90**871 kartinizla 31Marta kadar 300TL harca. 15MONEY kazan! Bu hedefi yap.Shell'de 100TL harca. 5TL YAKIT kazan.1 Money=1 TL
ham,Yeni telefon aldım numaramı kaydet.
ham,aga ben yarın gelirim. şimdi yağmur yağıyor... yarın görüşürüz..
ham,SN ALPER KURSAT UYSAL. PNR: SBAAST 25MAY 22:55 TK7120 UCUSUNUZ  ICIN ONLINE CHECK-IN ISLEMINIZ YAPILMISTIR. BU SADECE BILGI AMACLI BIR MESAJDIR. BINIS KARTI YERINE GECMEZ.
spam,"CRAZY TIME ARTIK TÜRKÇE! 
Sadece Pusula'ya özel Türkçe sunucu eşliğinde,
En sevilen canli oyunda Kazanmaya başla!
https://t2m.io/pusulaxevo"
spam,GUVENLI SURUSLER ICIN KAR LASTIGINDE SON FIRSAT. %30 INDIRIM. UCRETSIZ BALANS VE LASTIK SAKLAMA HIZMETI BIRMOT ESKISEHIR'DE SIZI BEKLIYOR. BILGI: 0 222-3352430
spam,Heryone 30SMS! 10.5TL yerine paket alarak sadece 3TL odeyip cok daha avantajli fiyata mesajlasabilirsiniz!SMS 30 yazin 2222ye gonderin.
spam,Tebrikler 500 TL bonus kazandiniz hemen tiklayin
ham,yok be gerçekten bilmiyorum ....hala sinavin etkisindeyim :S
ham,işletim sisteminin bozulması biraz saçma deil mi sonuçta sadece açıp temizlediler
ham,1. ve 2. soru tamam gibi 3. soruda sıkıntı var tatlım ya
spam,Turkcell CalarkenDinlet ten 1 GUN SINIRSIZ KONUSMA UCRETSIZ! Hemen KAMU yaz. mesaji yanitla. Ibrahim Tatlises. Tarkan ve tum sanatcilarin sarkilarini seni arayanlara 3 ay boyunca 3 TL yerine ayda 50 KRS a dinlet! Ustelik tum sarkilar ucretsiz ve 1 gunluk konusma hediye!
ham,dife giriyonmu
ham,Yarın tatil yürüyüşe çıkalım mı sabah?
ham,2320960 ongar tel
ham,Bilmiyorum onu ya
ham,Anneanneyi ziyaret etmeyi unuttum yarın gideyim.
ham,pepsi'den bayram suprizi! 19-31 Mayıs tarihleri arasında göndereceğin ilk sifre için 2 adet hediye kazanacaksın. hediyen yüklendikçe hergün bilgilendirileceksin..
spam,Mudo da kisa gunun kari kampanyasi basladi! Secili hazirgiyim sezon urunlerinde gecerli %30 indirim sizi bekliyor. Son gun 4 Nisan!
spam,gnctrkcllli; Hemen GNCTEKLIF.COMa UCRETSIZ uye ol. Eglence. hobi.alisveris istedigin her sey butcene uygun fiyata sadece gncteklif.comda. Firsatlari kacirma
spam,VakifBank Worldcard inizla yeniden yapilandirma kanunu kapsaminda vergilerinizi gib.gov.tr den 18 taksitle odeyebilirsiniz. Ustelik taksitler 2 ayda bir odemeli.
ham,Yemedik yemek sen yedin mi?
spam,Tebrikler anketimizi doldurdunuz ve iPhone 15 kazandınız! Kargo icin adresinizi girin: kazandin.xyz
spam,Daha fazla muzik icin buyuk firsat! Sevdigin sanatcilarin tum albumunu sadece 2TL ye almak icin www.gncplay.com a ucretsiz uye ol. muzik keyfini sinirsiz yasa!
spam,Vergi iadesi hakkınız doğdu. 1240 TL iade icin: gib-iade.xyz
ham,hayır ayın 16sında gitcez ailecek..
spam,gnctrkcll'li Eskisehir Kurs Merkezi'nde. hitabet veya fotografcilik kursu 100 TL yerine sadece 49 TL! GNCTEKLIF.COM'a gir.satin al!
ham,Ehliyetiniz yenileme süreniz dolmak üzere.
spam,CEP-T PARACARD!HARCADIKCA BONUS. KONUSTUKCA DAKiKA KAZANDIRAN TEK KART.USTELiK iLK YUKLEMEDE 200 DK HEDiYE!TUM TURKCELL iLETiSiM MERKEZLERiNDE.PARACARD.COM.TR
spam,Is Bankasi Bonosu 13-14-15 Nisan 2011 tarihlerinde halka arz ediliyor. Ayrintili bilgi:isbank.com.tr
ham,VakifBank WebSubem girisi icin tek kullanimlik sifreniz: 743109 . Sifreniz 3 dk gecerlidir. Tarih: 24.06.2011 Saat: 10:29
spam,Avea Arac Sorgulama Servisi ile artik iciniz rahat. Aracin plaka numarasini yazin. 5664'e gonderin. hasar gecmisi cebinize gelsin. Servis ucreti 3.6TL.Bilgi 500
ham,esparkta bulusuruz
spam,Cok cazip faizli ihtiyac kredisi Finansbank'ta! Almasi hemen. odemesi 3 ay sonra.Basvuru icin TC kimlik no'nuzu 5030'a gonderin.Detaylar finansbank.com.tr'de.
ham,çoktandır bende dışarı çıkmıyom yaa. ben de asosyalım anliicağın :((
ham,sinavin nasil gecti
spam,Son odeme tarihinizi kacirmayin! FATURA yazip 2222ye gonderin. fatura tutariniz. son odeme tarihiniz cebinize aninda sadece 90 kurusa gelsin!
spam,YARIN(20 OCAK) VICHY-LA ROCHE UZMANININ ECZANEMIZDE YAPACAGI UCRETSIZ CILT VE SAC ANALIZ GUNUNE DAVETLISINIZ..BU OZEL GUNU KACIRMAYIN...3209693
ham,VakifBank WebSubem girisi icin tek kullanimlik sifreniz: 573003 . Sifreniz 3 dk gecerlidir. Tarih: 28.05.2011 Saat: 20:11
spam,AKARYAKITTA %5 iNDiRiM! BONUSLA PETROL OFiSiNDEN HER 100TL'LiK HARCAMAYA %5 iNDiRiMi KACIRMAYIN!KAMPANYA KATILIMI iCiN PO YAZ 3340'A GONDER.BiLGi: BONUS.COM.TR
ham,Oyun da oynayacakmıyız?
ham,Denizle Esparka gitcez kanka. Melise tişört falan alcam.
spam,Sabri Ozel'de cifte yeni yil firsati! Kirmizi etiketli urunlerde %50 indirim firsati basladi.Ayrica Sezon Urunlerinde %41 indirim devam ediyor.Mutlu Yillar
spam,Mudo'da 7 gun indirimi basladi! Secili urunlerde %60 a varan indirim firsatini kacirmayin. Ustelik Bonus Card'a 10 taksit veya tek odeme de extra %10 indirim.
ham,Kanka Sıla ben Deniz biraz dışarı çıkacaz sokak festivaline falan değil ama ihtiyaçlarımızı falan alcaz.
ham,evet  son bende yeni eve gidiyorum.
ham,Sn. musterimiz. BP773235 nolu gonderiniz 01/04/2011 tarihinde AYLA UYSAL a teslim edilmistir. 02862178807
spam,Tek telefonla Aninda Kredi! CardFinans'inizdan formalitesiz. kefilsiz 1000 TL kredi alin. 71 TL taksitle. 18 ayda kolayca odeyin. Bilgi icin 4440900'u arayin.
spam,Sampiyon tarife ile numaran degismeden her yone 2 dksi sadece 20 Kurusa konusmak ve her yone 600 dk hediye kazanmak icin seni Avea bayilerine bekliyoruz.
ham,Akşam arkadaşlarla buluşuyorum geç kalabilirim.
spam,Sadece 27 Subat Pazar gunu Boyner Magazalari'nda Kelebekli urunlerde TTNET'lilere ozel %50 indirim! Size ozel indirim sifreniz: 1636825
ham,Abi yuklemeye gdersen bnada esbilet alrmsn?
ham,Hangover dayız gel
spam,Mudo'ya once gelen kazaniyor! Sayisiz Hazir giyim urunu buyuk indirimlerle Outlrtlere devir oldu.Ustelik ilk 3 gun Exclusive Carda tek odemede extra %10 indirim
ham,Kanka yarın 10 da her zamanki yerde buluşalım.
ham,Aqlamak Cok Güzel. Gözyasini Silen varsa.Gülmek cok qüzel. Seninle qülen varsa.Yasamak cok Güzel Umudun varsa. Ama uyumak hepsinden qüzel kus tüyü yastigin varsa=) iyi geceler Allah rahatlik wersin kuzum..
ham,geliyorum ekmek alim mi
ham,Cnm bgn geldim ben kirsehrden. Yarin bulusalim müsaitsn olur mu? Kntör yoksa faceden msj at yatmadan bakarım tamam.öpt canm..
spam,Özel üyelik teklifi! 3 ay ücretsiz premium: uyelik-kazan.net/ozel
ham,Şimdi Hasanla bi apart bakcaz. ondan sonra yurda gitcem. Hüseyinle apart bakcaz.
spam,TURKCELLlilere SHELLde 10 TLlik yakit 600 yerine 400 Smart puan!TURKCELLliler Shellde her zaman avantajli!Daha fazla kazanin.avantajli harcayin!Bilgi 4442020
spam,gnctrkcllli.222 Park Majha'da diledigin cesit pizza+ 1 mesrubat 22 TL yerine sadece 11 TL!Hemen GNCTEKLIF.COm'a gir. satin al! Bu firsati kacirma!
spam,Vogue Dergisinin Sizin İcin Sectigi. Yeni Sezon Urunlerde Extra Indirim Icin. Magazalarimiza Bekliyoruz. www.roman.com.tr
ham,Abi gunaydin.kac gbi gecioz okula?
ham,bendede kontor yok haci :)
spam,Yatirim hesabınızda 2500 dolar kazanç var. Cekebilmek icin simdi uye ol: yatirim-kazan.com
ham,la get
spam,ACIL: Banka hesabınız askıya alındı. 24 saat icinde dogrulama yapmazsan hesabınız kapatılacak. www.garanti-dogrula.xyz
spam,Sabri Ozel'de triko bayrami! 1 triko 39.90TL'den baslayan fiyatlarla..Ustelik tum kis sezonu urunlerinde %70'e varan firsatlarla.
ham,GençTarifeli! sadece 10 tl ye 30 gün boyunca her yöne mesajlaşacağın tam 5000 sms icin bu mesajı EVET yazıp cevapla.fırsatı kaçırma!
ham,okulda misin
ham,cifo bn eve gccm anhtarm yk ne zmna gelrsn ???
ham,seni geldim bulamadim
spam,YEMEKSEPETI.COM da her 10TLlik harcamaya Blackberry Torch.SamsungE2550 ve 4GB Jetmodem kazanma firsati!Hemen gir.siparislere basla!Bilgi avea.com.tr/avantajavea
spam,PTT: Paketiniz bekliyor 2 TL öde: ptt-xyz.net
ham,Bebsss gzmlerde deil esparkta buluscaz
spam,Maximum Kart'la 1-10 Subatta 1000TL alisveris yapin.12-13-14 Subatta kampanyali sektorlerde yapacaginiz alisverislerden %10MaxiPuan kazanin!Bilgi:maximum.com.tr
ham,Cnim ben sna hicbseymi tamir ettirmem :d
ham,esparkdabulusuruz
spam,Numaranizi Avea'ya tasiyin. Farki Faturanizda Gorun! HerYone 2000 Dk.HerYone 2000 SMS.2GB Cepten Internet sadece 59 TL! Sizi hemen bir Avea bayisine bekliyoruz.
spam,McDonaldsta gnctrkcll kampanya menulerinden birini alan gnctrkcllliye 2. HEDIYE! gnctrkcllli.tek yapman gereken cep tel. numarani kullanmak! gnctrkcll.com
spam,VakifBank Worldcard 1 Mayis - 14 Haziran arasi BP istasyonlarindan 4 adet 100 TL ve uzeri alisverise. 15-25 Haziran arasi BP de 40 TL indirim kazandiriyor!
ham,heryöne 500 dadika kampanyasından kazandığınız 50 dakikanız yüklenmiştir. 16.06.2011 e kadar heryöne (özel servis. yutrdışı hariç) kullanabilirsiniz.
ham,uluu napiosunn..
spam,Darphin'den Guzel Bir Davet!Sizi. 25.03.2011-26.03.2011 tarihlerinde Aksoy Eczanesin'nde gerceklesecek olan bakim gunumuzde gormekten mutluluk duyariz.Iletisim:Aksoy Eczanesi - Istiklal Mah. Sair Fuzuli Cad. No:4 Tasbasi/Eskisehir Tel:0222 2312840
ham,Otobüs 5 dakika geç kaldı biraz bekle.
ham,günaydın ablacim :)
spam,OPET'de 14 Haziran'a kadar farkli gunlerde 5 defa 100 TL ve uzeri akaryakit alin. OPET'teki akaryakıt harcamalarınız icin 50 TL MAxiPuan kazanin! maximum.com.tr
ham,Nerdesin napiosun kanka
spam,Ayda sadece 29 TL'ye HerYone tam 1.000 dk konusun!Kisa bir sure icin gecerli bu super tekliften faydalanmak icin hemen AVEA bayilerine gelin.firsati kacirmayin!
spam,5TL verip 50TL almaya ne dersiniz! Hemen KATLA yazip 1616'ya gonderin 5 TLniz katlansin 50 TL olsun. 1 hafta boyunca Vodafonelularla kendi tarifenizden konusun.
spam,Değerli müşterimiz kredi başvurunuz onaylandı! 50000 TL kredi icin: kredi-anlik.com/al
ham,kanka derse kalmak için 5-6 gibi gelirim ben.
spam,Donusunuz muhtesem olsun! Mart ayi boyunca Yolkart sahiplerine gidis donuslerde donus bileti sadece 3 TL'ye geliyor. Ayrintili bilgi icin 444 0 562
ham,yaa ben ödevi yapamadım cok zorlandımm.bana yardım edebilirmsnnn:(((
ham,kimseye soyleme yanliz sana soyledim
ham,Labtayım
spam,Dunya Kadinlar Gununuzu kutlariz! 8Martta Boyner Anahtar ile 100TL ve uzeri alisverislere %20si kadar marka ceki hediye! Ustelik BONUS ile 10 taksit firsatiyla!
spam,Kredi karti ve fatura talimati olan musterilerimize Masrafsiz Kredi'de faiz indirimi! 25.000 TL'ye kadar. 60 aya varan vadelerle. Bilgi: Subelerimiz. 4440202
ham,hani nerdesin
spam,Benetton ve 012'lerde her 75TL. 100TL. 150TL'lik alisverislerinizde yukselen miktarlarda hediye ceki firsati! Anneler gunune ozel baslayan bu firsati kacirmayin
spam,Akilli telefon Turkcellden alinir! 13 TLden baslayan taksitlerle 3Gli telefonlar ve size ozel tekliflerimiz icin en yakin TIMi ziyaret edebilirsiniz.
ham,VAKIFBANK ATM sinden ***2219 nolu hesabinizdan    1000.00 TL Para Cekme islemi yapilmistir. Islem bilginiz disindaysa 4440724 u arayiniz.
ham,Otobüsün plakası ne
ham,Samet beni bi arar mısın
ham,İnternet bağlantısı kesildi modemi sıfırlar mısın?
spam,Darphim'den Guzel Bir Davet! Sizi. 17.12-18.12.2010 tarihlerinde Aksoy Eczanesi'nde gerceklesecek olan bakim gunumuzde gormekten mutluluk duyariz. Iletisim: Aksoy Eczanesi - Istiklal Mah. Sair Fuzuli Cad. No:4 Tasbasi / Eskisehir Tel:0222 231 28 40
ham,ok sen de al gel onları
ham,Iyiyi bende canim  pek görüsemiyoruz senle yaaaa nette falanda tatilin tadini sen Çikariyorsun selam söyle annanenlere
spam,VAKIFBANKTAN ANNELER GUNUNE OZEL UYGUN FAIZ ORANI VE 11 AY VADE SECENEGIYLE 5.000.-TL TAKSITLI IHTIYAC KREDISI. DETAYLI BILGI ICIN www.vakifbank.com.tr
spam,Sevgililer Gunu alisverisiniz DAMAT-TWEEN-ADV'de kis urunlerinde %50+%20 indirim. CardFinans'a ozel 7 taksit ve %10 ParaPuan firsatiyla! Son gun 14 Subat!
spam,gnctrkcllli!Tamsil  Kuru Temizleme'de 3 alternatiften (3 Gomlek.2  Ceket veya 1Takim elbise) biri 8.10 TL.TAMSIL yaz 8073'e gonder.SMS ucreti 50krs. GNCTEKLIF.COM
spam,Numarasini Turkcell faturaliya tasiyana SADECE 29TLye heryone 600dk konusma ve 33 milyon Turkcelliyle haftada 2 Gun BEDAVA!Sizi Turkcell noktalarina bekliyoruz
ham,Son 4 hanesi 5403 olan Finansbank Kredi Kartinizin Toplam Borcu: 278.64 TL Asgari Borcu: 56.00 TL Son Odeme Tarihi: 30/05/2011. Finansbank
ham,DiYaRBaKıRlIyIm DiYe BeNi YaRgıLıyOrSaN ÖnCe DoĞaN GüNeŞi YaRgıLA HaKiM BEy .!!
ham,kız denizci mi oldun? ama yakışmış...
ham,Cumartesi düğüne gidecek misin?
spam,10TL verip 50TL almaya ne dersiniz! Hemen KATLA yazip 1616'ya gonderin 10TL'niz katlansin 50TL olsun. 1 hafta boyunca kendi tarifenizden YURTICI HERYONE konusun
spam,gnctrkcllliTamsil Kuru Temizleme' de 3 alternatiften (3 Gomlek.2Ceket veya 1Takim elbise) biri 8.10 TL.TAMSIL yaz 8073'e gonder.SMS ucreti 50krs. GNCTEKLIF.COM
spam,Hesabınız 12 saatte silinecek! Kurtarmak icin: hesap-kurtar.net
ham,tmm ataym..$ey object özellikle sorcagi bi yer söyledi mi...
spam,Simdi Money Mobile ile Turkcelliler 50TL alisverise 50TL/125dk konusma kazaniyor!MONEY(bosluk) Money Club kart nosunu 2830a yolla.uye ol. moneymobileclub.com
ham,hatırladım şimdi ya evde unuttum ben onu.
spam,Altın alım satım robotu ile günlük 500 TL kazan: altin-kazan.xyz
ham,Akşam film izleyelim mi? Yeni bir şey çıkmış.
ham,bugün 08:00-20:00 saatleri arasında vodafon yönünde limitsiz konuşma hattınıza yuklendi.cola turka&çamlıca portakalı şişelerinde hergün limitsiz konuşma var.
spam,Faturanizi otomatik odeme talimatiniz ile odeyin. hem onlarca Samsung LCD TV. iPad ve iPhonedan birini kazanma sansini yakalayin hem de otomatik odediginiz her fatura icin 1 ay boyunca aksam 9dan sabah 9a Turkcelllilerle BEDAVA mesajlasin!
ham,Arkadaşlar için doğum günü pastası aldım.
ham,Tatilden döndüm yarın ofisteyim.
spam,VAKIFBANKTAN ANNELER GUNUNE OZEL UYGUN FAIZ ORANI VE 11 AY VADE SECENEGIYLE 5000-TL TAKSITLI IHTIYAC KREDISI. DETAYLI BILGI ICIN www.vakifbank.com.tr
spam,En Baba Hediye +5 Taksitle! AsyaCard ile giyim. ayakkabi. aksesuar. saat ve kozmetik alisverislerinizde Babalar Gunune ozel firsati kacirmayin!Son gun19 Haziran
spam,Divarese markali urunlerde her 200 TL'ye 50 TL hediye ceki! Ustelik CardFinans'a ozel %10 ParaPuan. +4 Taksit ve dilerseniz 2 ay erteleme firsati!
spam,Yeni Apple MacBook Pro kazanma sansi Internet Subesi'nde! Bugun Internet Subesi'ne girin bu firsati kacirmayin.
spam,Tebrikler! Çekilişimizde büyük ödül sizin. Detaylar: odul-kazan.xyz/talep
ham,Tmm bn halltmye calsrm ogldn snra.bnkada sorun var snrm sbh ozgun de yapamams.grsz gokhan
ham,Dersteyim abi. Hayırdır.
ham,tatlım işim var o saatte ama yarın yapalım
spam,Turk Telekom faturaniz icin Is Bankasi kredi kartiniza fatura talimati verin. faturalariniz otomatik odensin. siz rahat edin. Bilgi ve ucretler:isbank.com.tr
spam,1000TL'ye kadar BEDAVA Kredi Firsati! CardFinans'tan ucretsiz Otomatik Fatura Odeme talimati verin. kredi seceneklerimizden hemen yararlanin. Bilgi icin 4440900
ham,gorusuruz
spam,Paketiniz yolda! MNG Kargo 3.50 TL gümrük vergisi odemesi gerekiyor: mng-odeme.net
ham,sus kiz gezdin gezdin askimmis..
spam,Vodafone'dan 1.000 dakika HEDIYE! 3G yazip 3636'ya ucretsiz gonderin. Vodafone'lularla 1 gun boyunca doyasiya konusun. 3G'ye abone olan kazaniyor!
ham,Ne zaman geliyosun gelirken ekmek almayı unutma.
ham,ya cnm dün aydan mesaj attı sürekli bursaya çağırıyo müsaitsen haftasonu gidelimmi
spam,Mudo'da kisa gunu kari kampanyasi! Secili hazirgiyim urunlerinde gecerli %50 ye varan indirimler sizi bekliyor. Sadece 1 Haziran'a ozel bu firsati kacirmayin !
ham,Yatiriminiz onaylandi iyi eglenceler dileriz
ham,tamam ok
spam,Simdi e-faturaya gecin.Toyota Prius kazanma sansi yakalayin.E-faturaya gecmek icin e-posta adresinizi SMS ile 3008'e gonderebilirsiniz.Detaylar: www.avea.com.tr
ham,tmm buluşma iptal.
ham,Dediğin gibi de yaptım
spam,Çanakkale Atasay'da %25'e varan Altinci Gün indirim firsatlari.Dünya Kadinlar Günü'ne özel 5-8 Mart tarihleri arasinda uygulanacaktir.Detaylar 0286 213 20 97
ham,Sınav sonuçları açıklandı geçtim!
spam,KIGILI KART 4. YASINI AVANTAJLARINI 4'E KATLAYARAK KUTLUYOR. 4 GUN BOYUNCA SIZ KIGILI KART SAHIPLERINE OZEL 4 KAT PUAN! BU BUYUK FIRSAT VE INDIRIMI KACIRMAYIN!
ham,Napion kiz ak$am sen de musait msn ahmad pilava cagryo
spam,PERLINA dan Anneler Gunune ozel. Sezon urunlerinde 2'nci urune %25 indirim. Siz degerli musterilerimizi magazalarimiza bekliyoruz.
spam,VICHY'DE %40 INDIRIM GUNLERINE DAVETLISINIZ.SADECE 18-19 MART TARIHLERINDE.AKSOY ECZANESI TEL:2312840
ham,İnternet Programming ödevinin ilk sorusu harbiden çok zor ya:)
spam,Kendisini kamu gorevlisi olarak tanitan ve turlu bahanelerle KONTOR/TL ve KARTSIZ HAVALE yapmanizi isteyenlere itibar etmeyiniz. POLIS www.asayis.pol.tr
ham,Geliyor musun
spam,VAKIFBANKTAN BABALAR GUNUNE OZEL UYGUN FAIZ ORANI VE 11 AY VADE SECENEGIYLE 5.000 TL TAKSITLI IHTIYAC KREDISI. DETAYLI BILGI ICIN www.vakifbank.com.tr
ham,benim bir isim cikti
ham,SN.CAFER KAYA ARTIBILET UYELIK SIFRENIZ :1809 WWW.ARTIBILET.COM-YOLCULUKTAN DAHA FAZLASI
ham,VakifBank WebSubem girisi icin tek kullanimlik sifreniz: 146618 . Sifreniz 3 dk gecerlidir. Tarih: 03.03.2011 Saat: 20:51
spam,CardFinans inizi kullandiginiz icin tesekkur ederiz. Market harcamalarinizdan 30TL ye kadar ParaPuan kazanma firsati icin 2273 e E yazip gonderin.sizi arayalim
ham,Anlaşma tamam sözleşmeyi yarın imzalıyoruz.
spam,gnctrkcll'li. Eskisehir Kurs Merkezi'nde. hitabet veya fotografcilik kursu 100 TL yerine sadece 49 TL! GNCTEKLIF.COM'a gir.satin al!
ham,ben geldimi mesaj atarım sana pencereye çıkarsın bi isteğin var mı dışardan
ham,Canım ya kantine gelebilir misin
ham,projemiz vatana millete hayırlı olsun akım. gerilim. direnç ölçebilen multimetremiz şimdi bitti. tas tamam çalışır vaziyette :)
spam,BONUS'LA 100TL'LiK AKARYAKIT ALIN.AKARYAKIT YAZIP 3340'A GONDERiN.SONRAKi 100TL'LiK HER AKARYAKIT HARCAMASI iCiN 5TL.15TL.30TL.50TL BONUS KAZANIN! BONUS.COM.TR
ham,Yum gunaydin okula kacta gidelim
ham,VakifBank WebSubem girisi icin tek kullanimlik sifreniz: 066407 . Sifreniz 3 dk gecerlidir. Tarih: 14.06.2011 Saat: 20:35
ham,VakifBank internet ve telefon bankaciliginda dijital sertifika yukleme. telefon marka - modeli ve kart bilgileri hicbir sekilde istenmemektedir.4440724
ham,Tamam canım akşamüstü buluşuruz heralde
ham,Kanka gelirken 2 tane buz parmak al bana daaaa :)
spam,gnctrkcllli.Durumcu Bekir Ustada 1Adana durum+1 ayran+3cigkofte+4cesit salata sadece 6 TL! BKR yaz 8073e gonder. smsle satin al.SMS ucreti 50krs. GNCTEKLIF.COM
spam,SONY Play Station 3 Move kazanma firsati Garanti Facebook sayfasinda.sol tarafta Hafta Sonu sekmesinde sizi bekliyor.
ham,ben ders calisiyorum siz takilin
ham,ben cıkıyorum evden
ham,hastayim ben siz takilin
spam,Kripto para yatırımı ile ayda 5000 dolar kazan! Guvenilir platform: kripto-kazan.net
ham,Cintirim biliyorum seninde islerin var ama eve gittiginde bi bakabilirsen cok sevinirim. Kullanici adi ve sifre database olusturuyosun. sonra programda sorgulatip dogruysa programa gir. yanlissa 3 kez deneme hakkin var. sonra programdan cik.
spam,"1000TL Yeni Uyelge Cevrmsz Nakt
HerGun %100-2000TL Yatirim Bonusu Sansi
500TL DEDE5000 SLOT HEDYESI
Kod: DedeStb
Hemen Tikla!
STB https://cutt.ly/trYc390N"
spam,Sabri Ozel'de size ozel fiyat avantajlari devam ediyor.Sezon urunlerinde %50 indirim firsatini kacirmayin.
spam,CardFinans ile Bimeks'te pesin fiyatina 12 taksit ve 3 ay erteleme firsatini kacirmayin.
spam,Unlu Mudo indirimi basladi! Ustelik Exclusive Card iniza ilk 3 gun tek odemeye extra %10 indirim daha sizi bekliyor! Mutlu ve saglikli bir yil dilegi ile!
spam,CardFinans'inizla vergi borclarinizi 18 aya kadar taksitle odeyebilirsiniz! Ustelik 2 ayda bir odemeli. Bilgi icin Vergi yazin 2273'e gonderin. sizi arayalim.
spam,EGITIMDE FIRSAT ESITLIGINE KIGILI'DAN DESTEK!DARUSSAFAKA CEMIYETINE. 10 OCAKA KADAR KIGILI KART ILE 1000TL ALISVERISTE 20TL ADINIZA BAGIS SERTIFIKASI ILE HEDIYE
ham,Sari sekerIm benim iyiki dogmus yapimda emegi gecen herkese sayglar:))
spam,"HER GOL BONANZA'DA 50 FRESPIN KAZANDIRIYOR
Fenerbahce Kazanir: 2.35 ORAN
KG VAR: 2.11
Kaliteli Bahis icin Pusula'ya davetlisin
https://t2m.io/pusulaco"
ham,balım ne zmn gelion bu tarflara??
ham,Ev sahibi dedi ki kira 1 Ekimden itibaren geçerli.
spam,24-26 Haziran tarihleri arasinda kozmetik urunlerinde %25 indirim firsati sizleri bekliyor. Kendinize iyi bakin!
ham,Yarın kaç gibi okulda olcaksın?
ham,iyimiisin
ham,11 gibi
ham,bilgisayarı getirmeyi unutma
ham,Lunaa.Napi0sn?Bisi sorcktim t.resim finalnde bstaki ge0metrik cizmler fln cikio mu neler vrd?
ham,Proje teslim tarihi ertelendi 1 hafta uzadı.
spam,YASASIN KAMU kuluubune uyelik UCRETSIZ.Hemen KAMU yazip 2222ye UCRETSIZ gonderin.SABRI OZELde %30 indirimi kacirmayin. www.turkcell.com.tr
ham,Posterim bitti şimdi Denizle gidip çıktı alıp Yunus Emre kampüsüne götürcez kanka.
ham,Kanka gece 1-2 ekolde maç var ne diyon? Senin için 6 dan sonraya aldım maçı :) .
ham,ben cektırcem notları alfe bırakırım
ham,İstersen sonra gidersin olmaz mı
ham,kanka java dersi nereye kadar islenmis
ham,Raporu teslim ettim hoca beğendi.
spam,Avea Alo Doktorum ile doktorunuz ister sesli. ister goruntulu her an yaninizda. 9911i arayin. abone olun. Abonelik aylik 5TL. gorusmelerin dakikasi ise 20 Krs.
spam,Ayda sadece 3 TLye sinirsiz FACEBOOK cebinde! Hemen FACE yaz 2222ye gonder. Facebook keyfini Turkcell kalitesiyle yasa!
ham,SN ALPER KURSAT UYSAL. 03/04/2011 14:15:45 TARIHINDE TOURISTICA ADLI ISYERINDE 1.452.00 TL TUTARINDA VAKIFBANK WORLD KARTINIZLA HARCAMA YAPTINIZ.444 07 24
ham,Yeni iş yerimin adresi değişti güncelliyorum.
ham,Proje için dosyaları e-posta ile gönderdim kontrol et.
ham,23 Aralik 2010-22 Ocak 2011 Donemine ait faturaniz 36.88 TL tutarindadir.Son odeme tarihi 16.02.2011 olan faturanizi 9333 u ucretsiz arayarak odeyebilirsiniz
spam,Yeni yilda da ihtiyaclariniz icin Garanti Tam Destek yaninizda! Dusuk taksitli ya da dosya masrafsiz kredi firsatlarini kacirmayin. Basvurmak icin: 02124440335
spam,Dusuk taksitli veya dosya masrafsiz 5.10 ve 20bin TL kredilere devam! Ustelik siz eski kredi musterimize ekstra indirimle Garanti Tam Destek'de.
spam,CardFinans'la giyim.aksesuar.kozmetik.optikte 20 Hazirana kadar farkli gunlerde yapacaginiz 3'uncu 100TL ve uzeri alisverise 30TL ParaPuan!www.cardfinans.com.tr
ham,Canım öğlen gidecekmiş. ben de ikinci soruda düzeltmeler yapıyorum açık açık yazıyorum şimdi
spam,Her sey cocuklarimizin gelecegi icin! Bu hafta Subemizde duzenlenen Kumbara Fonu Gunlerine sizi de bekliyoruz. Osmangazi Universitesi/Eskisehir Sb.
ham,Tamam kanka arabaylamı gelcen? Ona göre Emrula haber vercem.
ham,Bi decoder sorusu vardi onla ilgili bisey soracaktim
ham,lan neden cevap vermiyorsun mesajima
ham,okula gidiyormusun
ham,Okey oynayak
ham,Ben pinodan gelyorum kapinizin onundeym zil calismiyor sanirim
spam,BUGUN BONUS'UNU KULLANANLAR YARIN BEDAVA KONUSUYOR!BUGUN BONUS'LA 75TL HARCA.KONUS YAZ SLiPTEKi SiFREYLE 3340'A GONDER YARIN 75 DK BEDAVA KONUS!BONUS.COM.TR
spam,Fatura tutarinizi merak etmenize gerek yok. FATURA yazip 2222ye gonderin. fatura tutariniz. son odeme tarihiniz cebinize aninda sadece 90 kurusa gelsin!
ham,Doktor randevusu Salı günü saat 10:00 unutma.
ham,cnm napiyosun.işiniz yoksa aşkama dışarı çıkalımmı biraz
ham,ii geceler
spam,Ayda SADECE 1TL ye 50 sarkiyi mp3 formatinda cep telefonuna veya www.gncplay.com dan bilgisayarina indirmek icin MUZIK yaz 2222 ye gonder. Bu firsati kacirma!
spam,Migros.5M.Tansasta bu gece 21:30-23:30 arasi Turkcellliye ozel %15 indirim!30TL ve uzeri alisveriste kasada aninda kazan!AVM magazalari.M Migros haric.444 10 44
ham,Napıosun kardeşim haftaya ankaraya gelicem
spam,Garanti BBVA: Şüpheli giris denemesi! Kartınızı korumak icin: garantibbva-guvenlik.xyz
ham,değerli abonemiz. vodafon numara taşıma kampanyasından kazandığınız aylık ücretsiz görüşme sureniz dolmuştur.
spam,Hesabınız doğrulanmadı. 48 saat içinde: hesap-onayla.com
ham,fena deildi ya
spam,Tebrikler! UCRETSIZ DIJITAL FOTOGRAF MAKINASI KAZANDINIZ. Hemen 7551880 i arayin HEDIYENIZI ve tasarruf cihazinizi almayi unutmayin.Numaramiz 7551880
spam,Hayırlı günler! IBAN numaranızı gonderin 10000 TL yardım fonu transfer edilecektir.
ham,Ekmek alayım mı
ham,hic haberim yok benim
spam,Çanakkale Atasay'da %25'e varan Altinci Gün indirim firsatlari.Dünya Kadinlar Günü'ne özel 5-8 Mart tarihleri arasinda uygulanacaktir. Detaylar 0286 213 20 97
spam,Sadece Bank Asya musterilerine ozel %23 e varan indirimlerle Asya Termal Tatil Koyu devremulk firsatlari sizleri bekliyor. Ayrintili bilgi subelerimizde.
ham,Güzel şarkı eee murat kekilli de cok guzel söylemiş =)
https://t2m.io/pusulaco"
ham,balım ne zmn gelion bu tarflara??
ham,Ev sahibi dedi ki kira 1 Ekimden itibaren geçerli.
spam,24-26 Haziran tarihleri arasinda kozmetik urunlerinde %25 indirim firsati sizleri bekliyor. Kendinize iyi bakin!
ham,Yarın kaç gibi okulda olcaksın?
ham,iyimiisin
ham,11 gibi
ham,bilgisayarı getirmeyi unutma
ham,Lunaa.Napi0sn?Bisi sorcktim t.resim finalnde bstaki ge0metrik cizmler fln cikio mu neler vrd?
ham,Proje teslim tarihi ertelendi 1 hafta uzadı.
spam,YASASIN KAMU kuluubune uyelik UCRETSIZ.Hemen KAMU yazip 2222ye UCRETSIZ gonderin.SABRI OZELde %30 indirimi kacirmayin. www.turkcell.com.tr
ham,Posterim bitti şimdi Denizle gidip çıktı alıp Yunus Emre kampüsüne götürcez kanka.
ham,Kanka gece 1-2 ekolde maç var ne diyon? Senin için 6 dan sonraya aldım maçı :) .
ham,ben cektırcem notları alfe bırakırım
ham,İstersen sonra gidersin olmaz mı
ham,kanka java dersi nereye kadar islenmis
ham,Raporu teslim ettim hoca beğendi.
spam,Avea Alo Doktorum ile doktorunuz ister sesli. ister goruntulu her an yaninizda. 9911i arayin. abone olun. Abonelik aylik 5TL. gorusmelerin dakikasi ise 20 Krs.
spam,Ayda sadece 3 TLye sinirsiz FACEBOOK cebinde! Hemen FACE yaz 2222ye gonder. Facebook keyfini Turkcell kalitesiyle yasa!
ham,SN ALPER KURSAT UYSAL. 03/04/2011 14:15:45 TARIHINDE TOURISTICA ADLI ISYERINDE 1.452.00 TL TUTARINDA VAKIFBANK WORLD KARTINIZLA HARCAMA YAPTINIZ.444 07 24
ham,Yeni iş yerimin adresi değişti güncelliyorum.
ham,Proje için dosyaları e-posta ile gönderdim kontrol et.
ham,23 Aralik 2010-22 Ocak 2011 Donemine ait faturaniz 36.88 TL tutarindadir.Son odeme tarihi 16.02.2011 olan faturanizi 9333 u ucretsiz arayarak odeyebilirsiniz
spam,Yeni yilda da ihtiyaclariniz icin Garanti Tam Destek yaninizda! Dusuk taksitli ya da dosya masrafsiz kredi firsatlarini kacirmayin. Basvurmak icin: 02124440335
spam,Dusuk taksitli veya dosya masrafsiz 5.10 ve 20bin TL kredilere devam! Ustelik siz eski kredi musterimize ekstra indirimle Garanti Tam Destek'de.
spam,CardFinans'la giyim.aksesuar.kozmetik.optikte 20 Hazirana kadar farkli gunlerde yapacaginiz 3'uncu 100TL ve uzeri alisverise 30TL ParaPuan!www.cardfinans.com.tr
ham,Canım öğlen gidecekmiş. ben de ikinci soruda düzeltmeler yapıyorum açık açık yazıyorum şimdi
spam,Her sey cocuklarimizin gelecegi icin! Bu hafta Subemizde duzenlenen Kumbara Fonu Gunlerine sizi de bekliyoruz. Osmangazi Universitesi/Eskisehir Sb.
ham,Tamam kanka arabaylamı gelcen? Ona göre Emrula haber vercem.
ham,Bi decoder sorusu vardi onla ilgili bisey soracaktim
ham,lan neden cevap vermiyorsun mesajima
ham,okula gidiyormusun
ham,Okey oynayak
ham,Ben pinodan gelyorum kapinizin onundeym zil calismiyor sanirim
spam,BUGUN BONUS'UNU KULLANANLAR YARIN BEDAVA KONUSUYOR!BUGUN BONUS'LA 75TL HARCA.KONUS YAZ SLiPTEKi SiFREYLE 3340'A GONDER YARIN 75 DK BEDAVA KONUS!BONUS.COM.TR
spam,Fatura tutarinizi merak etmenize gerek yok. FATURA yazip 2222ye gonderin. fatura tutariniz. son odeme tarihiniz cebinize aninda sadece 90 kurusa gelsin!
ham,Doktor randevusu Salı günü saat 10:00 unutma.
ham,cnm napiyosun.işiniz yoksa aşkama dışarı çıkalımmı biraz
ham,ii geceler
spam,Ayda SADECE 1TL ye 50 sarkiyi mp3 formatinda cep telefonuna veya www.gncplay.com dan bilgisayarina indirmek icin MUZIK yaz 2222 ye gonder. Bu firsati kacirma!
spam,Migros.5M.Tansasta bu gece 21:30-23:30 arasi Turkcellliye ozel %15 indirim!30TL ve uzeri alisveriste kasada aninda kazan!AVM magazalari.M Migros haric.444 10 44
ham,Napıosun kardeşim haftaya ankaraya gelicem
spam,Garanti BBVA: Şüpheli giris denemesi! Kartınızı korumak icin: garantibbva-guvenlik.xyz
ham,değerli abonemiz. vodafon numara taşıma kampanyasından kazandığınız aylık ücretsiz görüşme sureniz dolmuştur.
spam,Hesabınız doğrulanmadı. 48 saat içinde: hesap-onayla.com
ham,fena deildi ya
spam,Tebrikler! UCRETSIZ DIJITAL FOTOGRAF MAKINASI KAZANDINIZ. Hemen 7551880 i arayin HEDIYENIZI ve tasarruf cihazinizi almayi unutmayin.Numaramiz 7551880
spam,Hayırlı günler! IBAN numaranızı gonderin 10000 TL yardım fonu transfer edilecektir.
ham,Ekmek alayım mı
ham,hic haberim yok benim
spam,Çanakkale Atasay'da %25'e varan Altinci Gün indirim firsatlari.Dünya Kadinlar Günü'ne özel 5-8 Mart tarihleri arasinda uygulanacaktir. Detaylar 0286 213 20 97
spam,Sadece Bank Asya musterilerine ozel %23 e varan indirimlerle Asya Termal Tatil Koyu devremulk firsatlari sizleri bekliyor. Ayrintili bilgi subelerimizde.
ham,Güzel şarkı eee murat kekilli de cok guzel söylemiş =)
ham,birader naaptın yaa gittin ta oralara unuttun bizi haber icar yok öyle olsun bakalım
ham,Haftasonu napıyoruz
spam,HABER yaz 5203'e UCRETSIZ gonder. gunun haberleri ve son dakika gelismeleri UCRETSIZ cebine gelsin! MH: 05327555445
ham,Bir kızın kusurlarını öğrenmek için. onu bir kız arkadaşına övün.
spam,Kurulus yilimiza ozel EKOL indirim gunleri bugun basladi. Oncelikli olmak icin acele edin. Keyifli alisverisler. www.ekolonline.com 031224738644
spam,Hesabınız bloke edildi. garanti-dogrula.xyz adresinden işlem yapın.
ham,Garanti BBVA: Hesabınıza 1500 TL EFT gönderilmiştir. Gönderen: MEHMET YILMAZ. Bilgi: garantibbva.com.tr
ham,Akbank: 2500 TL tutarındaki FAST havale işleminiz gerçekleştirilmiştir. Bakiyeniz: 4230 TL
ham,Ziraat Bankası: Kredi kartı ekstreniz hazırdır. Son ödeme tarihi: 15 Nisan. Detay: ziraatbank.com.tr
ham,İş Bankası: 4567 nolu hesabınıza 890 TL havale yapılmıştır. İşlem no: 2026041012345
ham,VakıfBank: Kredi taksit ödemeniz 1250 TL olarak hesabınızdan çekilmiştir. Kalan taksit: 8
ham,Halkbank: Maaş ödemesi hesabınıza yatırılmıştır. Tutar: 28500 TL. İyi günlerde harcayın.
ham,Denizbank: EFT işleminiz başarıyla tamamlanmıştır. Tutar: 750 TL. Alıcı: AHMET DEMİR
ham,QNB Finansbank: Kartınızla 156.90 TL harcama yapılmıştır. İşyeri: MIGROS. Kalan limit: 8430 TL
ham,TEB: Kredi başvurunuz onaylanmıştır. Detaylı bilgi için en yakın şubemize bekleriz. teb.com.tr
ham,ING: Hesap bakiyeniz 12450 TL. Son 30 günlük hesap hareketlerinizi ing.com.tr üzerinden görüntüleyebilirsiniz.
ham,Yapı Kredi: Otomatik ödeme talimatınız gerçekleştirildi. Fatura: Türk Telekom 89.90 TL
ham,Kuveyt Türk: Altın hesabınıza 5 gram altın alım işlemi yapılmıştır. kuveytturk.com.tr
ham,Şekerbank: Vadeli mevduat hesabınızın vade sonu gelmiştir. Detay için şubemizi arayabilirsiniz.
ham,Garanti BBVA: Kredi kartınızla 89.90 TL harcama yapıldı. İşyeri: TRENDYOL. garantibbva.com.tr
ham,Akbank: Hesabınızdan 200 TL ATM para çekme işlemi yapılmıştır. Kalan bakiye: 3150 TL
ham,İş Bankası: Maximum Kart ile yapılan 320 TL tutarındaki harcamanız 3 taksit olarak tanımlanmıştır.
ham,Ziraat Bankası: Bankkart ile 45.50 TL market alışverişi yapılmıştır. İşyeri: BİM
ham,Yurtiçi Kargo: Paketiniz teslim edilmiştir. Teslim alan: KOMŞUYAkapıcıya. Takip: yurticikargo.com
ham,MNG Kargo: Kargonuz dağıtıma çıkmıştır. Tahmini teslimat: Bugün 14:00-18:00 arası. mng.com.tr
ham,Aras Kargo: Paketiniz şubemize ulaşmıştır. 3 iş günü içinde teslim alabilirsiniz. arascargo.com
ham,Sürat Kargo: Gönderiniz alıcıya teslim edilmiştir. İyi günlerde kullanın. surat.com.tr
ham,PTT Kargo: Gönderiniz 26040012345678 takip numarası ile kargoya verilmiştir. ptt.gov.tr
ham,Yurtiçi Kargo: Gönderiniz şubemize ulaştı. En yakın zamanda dağıtıma çıkacaktır. yurticikargo.com
ham,Trendyol: Siparişiniz kargoya verilmiştir. Kargo takip no: 3405678901. trendyol.com
ham,Hepsiburada: Sipariş onayı. Sipariş No: 543218765. Tahmini teslimat: 12-13 Nisan. hepsiburada.com
ham,Amazon: Siparişiniz gönderildi. Takip için: amazon.com.tr/siparislerim
ham,N11: Siparişiniz hazırlanıyor. Kargoya verilince bilgilendirileceksiniz. n11.com
ham,Trendyol: Siparişiniz teslim edildi. Değerlendirme yapmayı unutmayın! trendyol.com
ham,Getir: Siparişiniz hazırlanıyor. Tahmini teslimat süresi: 15 dakika.
ham,Yemeksepeti: Siparişiniz restorandan çıktı. Tahmini varış: 25 dakika. yemeksepeti.com
ham,Migros: Online siparişiniz hazırlanmıştır. Teslimat saati: 16:00-18:00 arası. migros.com.tr
ham,LCWaikiki: Siparişiniz kargoya verildi. Kargo takip: lcwaikiki.com/siparislerim
ham,Boyner: Online siparişiniz mağazaya ulaşmıştır. 7 gün içinde teslim alabilirsiniz. boyner.com.tr
ham,THY: Uçuşunuz TK7120 için online check-in açılmıştır. turkishairlines.com
ham,Pegasus: BJ 2804 numaralı uçuşunuz planlandığı gibi kalkacaktır. Kapı: B12. flypgs.com
ham,AnadoluJet: Uçuşunuz TK7504 onaylanmıştır. Kalkış: 08:45 IST-ADB. anadolujet.com
ham,SunExpress: XQ 234 uçuşunuz için boarding pass hazırdır. sunexpress.com
ham,THY: Sayın yolcumuz uçuşunuz 30 dakika rötar yapmıştır. Yeni kalkış saati: 15:20.
ham,Pegasus: Uçuşunuzun web check-in işlemi tamamlanmıştır. Biniş kartınız e-posta adresinize gönderildi.
ham,Biletall: Otobüs biletiniz onaylanmıştır. Ankara-İstanbul 14 Nisan Saat 09:00. biletall.com
ham,TCDD: Tren biletiniz onaylanmıştır. YHT Ankara-Eskişehir 10 Nisan Saat 07:30. ebilet.tcddtasimacilik.gov.tr
ham,Obilet: İstanbul-Bursa seferiniz onaylandı. Hareket: 15 Nisan 10:30. obilet.com
ham,e-Devlet: Nüfus cüzdanı randevunuz onaylanmıştır. Tarih: 14 Nisan 2026 Saat: 10:30. turkiye.gov.tr
ham,SGK: 2026 Mart dönemi prim ödemeniz alınmıştır. Detay için sgk.gov.tr
ham,GİB: 2025 yılı Gelir Vergisi beyanname dönemi başlamıştır. Son gün: 31 Mart. gib.gov.tr
ham,ÖSYM: YKS başvurunuz onaylanmıştır. Sınav tarihi: 15-16 Haziran 2026. osym.gov.tr
ham,MHRS: Randevunuz onaylanmıştır. Dr. Mehmet Öz 14 Nisan Saat 14:00. mhrs.gov.tr
ham,e-Devlet: Adres değişikliği talebiniz onaylanmıştır. turkiye.gov.tr
ham,UYAP: Dava dosyanız güncellenmiştir. Detay için vatandas.uyap.gov.tr adresini ziyaret edin.
ham,MEB: Öğretmen ataması sonuçları açıklanmıştır. Detay için meb.gov.tr
ham,YÖK: Yatay geçiş başvuru tarihleri açıklanmıştır. yok.gov.tr
ham,Nüfus Müdürlüğü: Pasaport başvurunuz onaylanmıştır. Teslimat süresi: 15 iş günü.
ham,Turkcell: Paket kullanımınız %80 seviyesine ulaşmıştır. Kalan: 2GB internet 150dk konuşma. turkcell.com.tr
ham,Vodafone: Fatura tutarınız 89.90 TL olarak kesilmiştir. Son ödeme: 20 Nisan. vodafone.com.tr
ham,Türk Telekom: İnternet paketiniz yenilenmiştir. 50GB kullanım hakkınız aktif. turktelekom.com.tr
ham,Turkcell: Uluslararası arama paketiniz aktifleştirilmiştir. 300dk 30 gün geçerli.
ham,Vodafone: Hattınıza 15GB ek internet paketi tanımlanmıştır. Geçerlilik: 30 gün.
ham,Türk Telekom: Hat devir işleminiz tamamlanmıştır. Yeni hat sahibi: BATUHAN CAN ARACI
ham,Superonline: İnternet bağlantınız aktifleştirilmiştir. Modem şifreniz: WF123456. superonline.net
ham,Turkcell: Numara taşıma işleminiz başarıyla tamamlanmıştır. Hoş geldiniz!
ham,SDÜ: Bahar yarıyılı ders kayıtları 10-14 Nisan tarihleri arasında yapılacaktır. obs.sdu.edu.tr
ham,SDÜ Bilgisayar Mühendisliği: Bitirme projesi teslim tarihi 20 Mayıs olarak belirlenmiştir.
ham,Anadolu Üniversitesi: AÖF sınav sonuçlarınız açıklanmıştır. anadolu.edu.tr
ham,YÖK: Yükseköğretim Kurulu burs başvuruları açılmıştır. yok.gov.tr/burs
ham,Üniversite: Yaz okulu kayıtları başlamıştır. Son başvuru: 30 Mayıs.
ham,Kütüphane: Ödünç aldığınız kitabın iade tarihi yaklaşıyor. Son tarih: 18 Nisan.
ham,Toplantı linki: meet.google.com/abc-defg-hij Yarın saat 10:00'da bağlanın.
ham,Zoom toplantı daveti: zoom.us/j/12345678 Pazar 14:00. Şifre: 2026
ham,Dosyayı buradan indirebilirsin: drive.google.com/file/d/abc123 Proje raporu.
ham,Teams toplantısı yarın 09:30'da. Link: teams.microsoft.com/l/meetup
ham,Instagram: Hesabınıza yeni bir cihazdan giriş yapıldı. Siz olmadıysanız şifrenizi değiştirin.
ham,"YouTube: Abone olduğunuz kanal ""Kodlama Dersleri"" yeni video yükledi."
ham,LinkedIn: 5 kişi profilinizi inceledi. Detaylar için linkedin.com
ham,WhatsApp: Güvenlik kodunuz değişti. Detay: whatsapp.com/security
ham,Google: Hesabınız için güvenlik uyarısı. Yeni cihaz girişi onaylandı.
ham,Apple: Apple ID'niz ile yeni bir cihazda giriş yapıldı. Konumu tanımadıysanız appleid.apple.com
ham,Spotify: Premium aboneliğiniz yenilendi. 49.99 TL ödeme alınmıştır. spotify.com
ham,Netflix: Hesap bilgileriniz güncellendi. netflix.com
ham,Disney+: Aile planınıza yeni üye eklendi. disneyplus.com
ham,BluTV: Yeni içerikler eklendi! Bu hafta en çok izlenenler: blutv.com
ham,MHRS: Hatırlatma. Yarın saat 14:00 Dr. Mehmet Öz randevunuz var. mhrs.gov.tr
ham,Diş Hekimi: Randevunuz yarın saat 10:30'da. Adres: Bahçelievler Mah. No:15
ham,Göz Doktoru: 6 aylık kontrol randevunuz 20 Nisan Saat 11:00. Lütfen gelmeyi unutmayın.
ham,Acıbadem Hastanesi: Laboratuvar sonuçlarınız hazırdır. acibadem.com.tr/sonuclar
ham,Memorial Hastanesi: Ameliyat randevunuz onaylanmıştır. 18 Nisan 08:00. memorial.com.tr
ham,Eczane: Reçetenizdeki ilaçlar hazırdır. Teslim almak için eczanemize bekleriz.
ham,İSKİ: Su faturanız 145 TL olarak kesilmiştir. Son ödeme: 20 Nisan. iski.istanbul
ham,BEDAŞ: Elektrik faturanız 287 TL. Otomatik ödeme talimatınızla ödenecektir.
ham,İGDAŞ: Doğalgaz faturanız 356 TL olarak kesilmiştir. Son ödeme tarihi: 25 Nisan.
ham,Türk Telekom: Sabit hat faturanız 79.90 TL. Son ödeme: 18 Nisan. turktelekom.com.tr
ham,EPDK: Doğalgaz tarifesi güncellendi. Yeni birim fiyat: 3.45 TL/m3
ham,Belediye: Emlak vergisi 1. taksit son ödeme tarihi 31 Mayıs'tır.
ham,İBB: CepTrafik uygulamasını indirin metrobüs doluluk oranlarını takip edin. ibb.gov.tr
ham,Papara: Hesabınıza 250 TL yatırılmıştır. Gönderen: KAYA MEHMET. papara.com
ham,İninal: Kartınıza 100 TL yükleme yapılmıştır. Bakiyeniz: 350 TL. ininal.com
ham,Tosla: QR ödeme ile 45.90 TL harcama yapılmıştır. İşyeri: Starbucks. tosla.com
ham,iyzico: Ödemeniz başarıyla alınmıştır. Sipariş no: 987654. iyzico.com
ham,PayTR: Ödeme onayı. 1250 TL tutarındaki ödemeniz başarıyla tamamlandı. paytr.com
ham,Biletix: Konser biletiniz onaylandı. Etkinlik: Tarkan 25 Nisan Istanbul. biletix.com
ham,Passo: Maç biletiniz hazır. Fenerbahçe-Galatasaray 20 Nisan 20:00. passolig.com.tr
ham,Biletinial: Tiyatro biletiniz onaylandı. İstanbul DT 18 Nisan 20:30. biletinial.com
ham,Garanti BBVA: Bonus Card ile 4560 TL harcama yaptınız. 9 taksit tanımlandı.
ham,Akbank: Wings kart puanlarınız güncellendi. Toplam: 15400 puan. akbank.com
ham,İş Bankası: Maximum Mobil ile QR ödeme yapabilirsiniz. isbank.com.tr
ham,Halkbank: Paraf kartınıza 500 TL limit artışı yapılmıştır. halkbank.com.tr
ham,VakıfBank: World kart ile yapılan 890 TL harcama 6 taksit olarak kaydedildi.
ham,Dominos: Siparişiniz hazırlanıyor. Tahmini teslimat: 30 dakika. dominos.com.tr
ham,Burger King: Kupon kodunuz: BK2026. Menülerde %20 indirim. burgerking.com.tr
ham,A101: Haftanın yıldızları broşürü yayınlandı. a101.com.tr
ham,CarrefourSA: Online market siparişiniz hazırlanıyor. Teslimat: Bugün 18:00-20:00. carrefoursa.com.tr
ham,Migros: Money kartınıza 25 TL para puan yüklendi. migros.com.tr
ham,Allianz Sigorta: Kasko poliçeniz yenilenmiştir. Poliçe no: 2026-45678. allianz.com.tr
ham,Axa Sigorta: Trafik sigortası poliçeniz 30 Nisan'da sona ermektedir. axa.com.tr
ham,HDI Sigorta: Hasar dosyanız açılmıştır. Dosya no: 2026-HD-12345. hdisigorta.com.tr
ham,Mapfre: Seyahat sigortanız aktifleştirilmiştir. 15 Nisan - 30 Nisan. mapfre.com.tr
ham,DASK: Zorunlu deprem sigortanız 1 ay içinde sona erecektir. Yenilemeyi unutmayın.
ham,Sahibinden: İlanınız 1250 kez görüntülendi. Detay: sahibinden.com
ham,Arabam: Araç ilanınıza 3 yeni mesaj geldi. arabam.com
ham,Letgo: Ürününüze yeni teklif geldi. 450 TL. Detay için uygulamayı açın.
ham,Enuygun: Ankara-İstanbul uçak bileti 399 TL'den başlayan fiyatlarla. enuygun.com
ham,Turna: Uçuş fırsatları! İstanbul-Antalya 299 TL. turna.com
ham,Tatilsepeti: Erken rezervasyon kampanyası başladı. %40 indirim. tatilsepeti.com
ham,Jolly: Yaz tatili fırsatları! Antalya 5* otel 2 kişi 4500 TL'den başlayan. jollytur.com
ham,İBB: Kadıköy-Beşiktaş vapuru 15:30 seferini kaçırmayın. Sefer bilgisi: ibb.gov.tr
ham,Marmaray: Teknik arıza nedeniyle seferler 20 dk gecikmeli yapılmaktadır.
ham,BİMER: Başvurunuz değerlendirmeye alınmıştır. Başvuru no: 2026-BIM-45678
ham,ALO 182: Şikayetiniz kaydedilmiştir. Takip no: 2026182345. Sonuç SMS ile bildirilecek.
ham,İŞKUR: İş başvurunuz değerlendirilmektedir. iskur.gov.tr
ham,SGK: Emekli maaşınız hesabınıza yatırılmıştır. Tutar: 18500 TL
ham,GİB: ÖTV ödemeniz onaylanmıştır. İşlem no: 2026-GIB-56789. gib.gov.tr
ham,e-Devlet: Ehliyet yenileme başvurunuz alınmıştır. turkiye.gov.tr
ham,Yurtiçi Kargo: Gönderiniz teslimat adresine ulaşmıştır. İyi günlerde kullanın.
ham,UPS: Paketiniz gümrük işlemleri için beklemektedir. Detay: ups.com.tr/takip
ham,Horoz Lojistik: Kargonuz şubemize teslim edilmiştir. 5 iş günü içinde alınız. horoz.com.tr
ham,MNG Kargo: Gönderiniz teslim edilmiştir. Alıcı: ARACI. Tarih: 10 Nisan 14:32
ham,Otobüs bileti hatırlatma: Yarın 08:00 Eskişehir-Ankara. Koltuk: 23
ham,Kütüphane: Aldığınız 3 kitabın teslim süresi dolmuştur. Lütfen iade edin.
ham,Apartman yönetimi: Nisan ayı aidat tutarı 850 TL. Son ödeme: 20 Nisan.
ham,Site yönetimi: Asansör bakımı nedeniyle yarın 09:00-12:00 asansör çalışmayacaktır.
ham,Elektrik dağıtım: Planlı kesinti. 15 Nisan 09:00-17:00 bölgenizde elektrik kesilecektir.
ham,Su idaresi: 16 Nisan'da bölgenizde su kesintisi yapılacaktır. Saat: 08:00-16:00
ham,Doğalgaz: Sayaç okuma tarihiniz 18 Nisan'dır. Sayacınızı okutmayı unutmayın.
ham,THY Miles&Smiles: 5000 mil kazandınız. Toplam: 45000 mil. turkishairlines.com
ham,Pegasus BolBol: 200 BolBol puan kazandınız. flypgs.com/bolbol
ham,Turkcell Platinum: Özel davet. 20 Nisan İstanbul Konser etkinliğine katılmak ister misiniz?
ham,Vodafone Happy: Bu hafta Burger King menülerde %25 indirim. vodafone.com.tr/happy
ham,Garanti Bonus: Bu ay 3500 bonus puan kazandınız. bonus.com.tr
ham,Banka Müşteri Hizmetleri: Talebiniz 24 saat içinde cevaplanacaktır. Referans: 2026-04-123
ham,Kuyumcu: Altın fiyatları güncellendi. Gram altın: 2850 TL. Çeyrek: 4650 TL
ham,Oto servis: Aracınızın bakım zamanı geldi. Randevu için bizi arayın: 0222 1234567
ham,Veteriner: Evcil hayvanınızın aşı zamanı geldi. 20 Nisan'a kadar gelmenizi öneriyoruz.
ham,Kuaför: Randevunuz yarın saat 16:00. İptal için en az 2 saat önceden bildiriniz.
ham,Eczane: İlaçlarınız hazır teslim alabilirsiniz. Güle güle kullanın.
ham,Türkiye Finans: Katılım hesabınıza kar payı dağıtılmıştır. turkiyefinans.com.tr
ham,Enpara: Hesap hareketiniz. 15.50 TL market harcaması. Kalan: 2340 TL. enpara.com
ham,Moka: POS cihazınızdan 890 TL tahsilat yapılmıştır. moka.com
ham,Garanti BBVA: Döviz alım işleminiz gerçekleşti. 100 USD alındı. Kur: 38.45
ham,İş Bankası: Yatırım fonu alım emriniz gerçekleştirilmiştir. isbank.com.tr/yatirim
ham,Hepsiburada: İade talebiniz onaylanmıştır. 3 iş günü içinde kartınıza iade yapılacaktır.
ham,Trendyol: İade kargonuz teslim alınmıştır. Ücret iadesi 5 iş günü içinde yapılacak.
ham,Amazon: Ürün değerlendirmeniz yayınlandı. Teşekkür ederiz. amazon.com.tr
ham,N11: Sepetinizde bekleyen ürün var. Stoklar sınırlı. n11.com
ham,Getir: Kupon hediyeniz var! 30 TL üzeri siparişlerde 10 TL indirim. Kod: GETIR10
ham,Yemeksepeti: Favori restoranınız kampanyada. %20 indirim. yemeksepeti.com
ham,BKM Express: Ödemeniz onaylanmıştır. İşlem tutarı: 199.90 TL. bkmexpress.com.tr
ham,PayPal: Ödemeniz alınmıştır. 45.00 USD. İşlem ID: 8XK12345. paypal.com
ham,Wise: Para transferiniz tamamlandı. 200 EUR gönderildi. wise.com
ham,Paribu: BTC alım emriniz gerçekleşti. 0.005 BTC. paribu.com
ham,BtcTurk: Hesabınıza 500 TL TRY yatırılmıştır. btcturk.com
spam,Garanti: Hesabınızda şüpheli işlem! Hemen doğrulayın: garanti-giris.xyz
spam,Akbank güvenlik uyarısı: Kartınız kopyalandı! Simdi koruma: akbank-guvenlik.site
spam,Ziraat Bankası: Hesabınız donduruldu. Açmak için: ziraat-hesap.top
spam,İş Bankası: Kredi onayınız bekleniyor. Son gün bugün! isbank-kredi.click
spam,Halkbank: ATM'den çekim yapılan kartınız bloke edildi: halkbank-bloke.online
spam,Denizbank: Hesabınıza yetkisiz erişim! 30 dakika içinde doğrulayın: denizbank-acil.xyz
spam,QNB: Kredi kartınız askıya alındı. Kaldırmak için: qnb-kart.info
spam,TEB: Online bankacılık şifreniz sıfırlandı. Yeni şifre: teb-sifre.link
spam,Kuveyt Türk: Hesap güvenliğiniz tehlikede! kuveytturk-dogrula.monster
spam,ING: Anında 50000 TL kredi! Başvur: ing-kredi.rest
spam,PTT: Gümrükte bekleyen paketiniz var. 15 TL ödeme: ptt-odeme.xyz
spam,PTT Kargo: Adres güncelleme gerekli. Paketiniz iade edilecek: ptt-adres.site
spam,Yurtiçi Kargo: Teslim edilemeyen paket! Bilgi güncelle: yurtici-kargo.top
spam,MNG: Kargonuz hasarlı ulaştı. Tazminat almak için: mng-hasar.click
spam,Aras Kargo: Ek ücret bekleniyor. 25 TL ödeyin: aras-kargo.online
spam,UPS: Gümrük vergisi ödenmedi. Paket iade edilecek: ups-vergi.xyz
spam,DHL: Paketiniz depoda bekliyor. 10 EUR ödeme: dhl-tr.buzz
spam,Turkcell: Hattınız 24 saat içinde kapatılacak! Önlemek için: turkcell-hat.xyz
spam,Vodafone: 100GB bedava internet kazandınız! Aktifleştir: vodafone-hediye.site
spam,Türk Telekom: Faturanız ödenmedi hat kesilecek! Öde: turktelekom-fatura.top
spam,THY: Uçuşunuz iptal edildi. 2000 TL tazminat almak için: thy-iade.click
spam,Pegasus: Bilet iade başvurunuz onaylandı. 500 TL almak için: pegasus-iade.xyz
spam,Trendyol: 500 TL hediye çeki kazandınız! Hemen al: trendyol-hediye.site
spam,Hepsiburada: Siparişiniz iptal edildi. Para iadesi için: hepsiburada-iade.top
spam,Amazon: Prime üyeliğiniz sona erdi. Yenilemezseniz 10000 TL borç: amazon-yenile.xyz
spam,Netflix: Ödemeniz alınamadı hesap silinecek! netflix-tr.click
spam,Spotify: Premium hesabınız hacklenmiş! Koru: spotify-guvenlik.online
spam,Apple: iCloud hesabınıza yetkisiz erişim! Hemen kilitle: apple-kilit.xyz
spam,Google: Gmail hesabınız askıya alındı! Kurtarmak için: google-kurtarma.site
spam,WhatsApp: Hesabınız başka cihazda açıldı! Kapat: whatsapp-guvenlik.top
spam,Instagram: Hesabınız şikayet edildi. 48 saat içinde doğrulamazsan silinecek: instagram-dogrula.xyz
spam,Facebook: Hesabınız kilitlendi. Açmak için TC kimlik no: facebook-ac.click
spam,e-Devlet: Adınıza icra dosyası açıldı. Detay: edevlet-icra.xyz
spam,SGK: Sağlık sigortanız iptal edildi. Aktif etmek için: sgk-aktif.site
spam,GİB: 15000 TL vergi iadesi hakkınız var. Almak için: gib-iade.top
spam,ÖSYM: Sınav yeriniz değişti! Yeni yer: osym-guncel.click
spam,MEB: Öğretmen atama sonucu: Atandınız! Onay: meb-atama.xyz
spam,MHRS: Randevunuz silindi. Tekrar almak için: mhrs-randevu.online
spam,Emekli maaşınıza 5000 TL zam yapıldı. Güncel tutar için TC no gönder: emekli-zam.xyz
spam,BDDK: Tüm banka borçlarınız silindi. Kredi notu temizleme: bddk-temiz.site
spam,Mahkeme: Ceza indirimi hakkınız var. Başvuru: mahkeme-indirim.top
spam,"500 TL yatır 5000 TL kazan! Günlük gelir garantisi: kazanc-merkezi.xyz"
spam,Kripto fırsatı! Bitcoin yarın %500 artacak. Şimdi al: kripto-al.site
spam,Altın robot ile otomatik kazanç! Günde 1000 TL: altin-robot.click
spam,Ev hanımlarına özel! Telefondan günde 500 TL kazanın: evden-kazan.xyz
spam,Anket doldur 200 TL kazan! Hemen başla: anket-para.online
spam,İkinci el araba lotaryası! 10 TL ile BMW kazanabilirsiniz: araba-kazan.xyz
spam,"Yarın için kesin iddaa kuponu! 100 TL yatır 10000 TL al: iddaa-kupon.site"
spam,Telegram grubuna katıl günde 2000 TL kazan: t.me/parakazan2026
spam,Ücretsiz iPhone 16 kazandınız! Kargo için 50 TL ödeyin: iphone-kazan.top
spam,Samsung Galaxy S25 çekilişinde kazandınız! samsung-cekilis.click
spam,Bedava tatil kazandınız! Antalya 5 yıldız otel: tatil-kazan.xyz
spam,Ücretsiz laptop dağıtımı! Stoklar sınırlı hemen başvur: laptop-bedava.site
spam,100000 TL ödüllü yarışma! Katılmak için: yarisma-odul.top
spam,2026 model araç çekilişi! Katılım ücretsiz: arac-cekilis.xyz
spam,Bahis sitesi kapanmadan kazan! Son 24 saat: bahis-son.click
spam,"SLOT JACKPOT! 50000 TL kazanan çıktı. Sen de dene: slot-kazan.xyz"
spam,Canlı casino bonanza! %500 hoşgeldin bonusu: casino-bonus.site
spam,Rulet ile her gün 5000 TL! Kayıp garantisi var: rulet-kazan.top
spam,Poker turnuvası! 100000 TL ödül havuzu: poker-turnuva.click
spam,"Sanal bahis! Spor, casino, slot hepsi bir arada: superbahis.xyz"
spam,CANLI MAÇLARI İZLE BET YAP KAZAN! Üyelik bedava: bet-izle.online
spam,7/24 canlı destek ile bahis: sportbahis-giris.site
spam,18 yaşından büyük müsünüz? Yetişkin sitelere erişim: site-erisim.xyz
spam,ÖZEL DAVET: VIP üyelik sadece bugün bedava: vip-uyelik.click
spam,Gizli mesajınız var! Görmek için tıklayın: gizli-mesaj.top
spam,Biri seni takip ediyor! Kim olduğunu öğren: takipci-bul.xyz
spam,Eski sevgilin seni arıyor! Mesajını oku: eski-sevgili.site
spam,Tanışma sitesi! Yakınındaki bekarlar seni bekliyor: tanisma-hemen.online
spam,Hemen üye ol 1000 TL deneme bonusu hesabında! Havale ile yatırım: bonus-al.xyz
spam,Yatırımsız 500 freespin kazandın! Hemen al: freespin-hediye.site
spam,Casino turnuvası başladı! 100000 TL ödül: casino-turnuva.top
spam,MEGA JACKPOT patladı! 500000 TL. Katıl: jackpot-oyna.click
spam,Bahis kuponun tuttu! 25000 TL kazandın. Çek: kupon-cek.xyz
spam,1.YIL BONUSU! Sadık üyelerimize 2000 TL nakit: sadik-uye.site
spam,TELEGRAM KANALIMIZA KATIL GÜNLÜK TAHMİN AL: t.me/bahistahmin2026
spam,Dünya kupası özel! %1000 bonus: dunya-kupasi.top
spam,Canlı bahis maç başlıyor! GS-FB özel oran: canli-mac.click
spam,5000 TL yatır 50000 TL çek! Anında havale: havale-bahis.xyz
ham,"TLCard ile secili e-ticaret sitelerinden yapacaginiz her 2.000 TL ve uzeri alisverinize 150 TL, World Pay ile odemelerde ek 50 TL, toplamda 1.000 TL'ye varan Puan firsati! Kampanyaya katilim icin: https://yapikredi.com.tr/worldmobil SMS ret icin H yazin 4944'e gonderin MERSIS:09370020892007418 B002"
ham,"Yapikredi: Hesabiniza 2.450,00 TL EFT ile yatirilmistir. Guncel bakiyeniz: 5.230,45 TL. Detayli bilgi icin Yapikredi Mobil uygulamasini kullanabilirsiniz."
ham,"Yapikredi: 8547 nolu hesabinizdan 1.200 TL tutarinda FAST havale gerceklestirilmistir. Islem no: 2026041100234. Bilgi: yapikredi.com.tr"
ham,"Yapikredi World kartinizla 30 Nisan'a kadar market alisverislerinde %5 World puan kazanin! Detaylar yapikredi.com.tr/kampanyalar sayfasinda."
ham,"Yapikredi: Kredi karti ekstreniz hazirdir. Ekstre tutari: 3.245,67 TL Son odeme tarihi: 15.04.2026. Detay icin Yapikredi Mobil'i kullanin."
ham,"Yapikredi: Worldcard'iniz ile yaptiginiz 850 TL tutarindaki alisveris onaylanmistir. Islem yeri: Migros. Bilgi: 0850 724 7247"
ham,"Yapikredi Worldcard ile akaryakit istasyonlarinda %3 puan firsati! 31 Mayis'a kadar gecerlidir. Kampanya detaylari yapikredi.com.tr adresinde."
ham,"IYAS Indirim Festivali Devam Ediyor KAHVE DUNYASI TURK KAHVESI 100 GR 92,5 TL yerine 59,9 TL Mersis:0483005273500018 SMS RED:4609'a IYS yaz Gonder B243"
ham,"IYAS MARKET: Bu hafta ozel firsatlar! Sut urunlerinde %30'a varan indirim. 5-12 Nisan tarihleri arasinda tum subelerimizde gecerlidir. Mersis:0483005273500018"
ham,"IYAS MARKET: Taze meyve sebze gunleri basladi! Domates 29,90 TL/kg, Salatalik 19,90 TL/kg. Tum IYAS marketlerde gecerlidir. SMS RED:4609 B243"
ham,"IYAS: Ramazan'a ozel gida paketleri hazir! Temel ihtiyac urunlerinde buyuk indirimler. Detaylar icin magazalarimizi ziyaret edin. Mersis:0483005273500018"
ham,"IYAS MARKET: Temizlik urunlerinde 2 al 1 ode kampanyasi! Bu hafta sonu tum subelerimizde. SMS iptal icin RET yaz 4609'a gonder. B243"
ham,"MAD PARFUM: Yaz koleksiyonu geldi! En sevilen parfumlerde %40'a varan indirimler. Tum MAD magazalarinda gecerlidir. Mersis:0612005432100025 B156"
ham,"MAD PARFUM: Anneler Gunu'ne ozel hediye setleri 199 TL'den baslayan fiyatlarla! Ustelik 300 TL uzeri alisveriste ucretsiz kargo. madparfum.com"
ham,"MAD: Ozel uyelere ozel! Bu hafta sonu tum parfumlerde ekstra %15 indirim. MAD Club kartinizi gostermeniz yeterli. Detaylar madparfum.com'da."
ham,"MAD PARFUM: Sevgililer Gunune ozel ikili parfum setleri %25 indirimli! 14 Subat'a kadar tum magazalarimizda. SMS iptal: RET yaz 4609. B156"
ham,"Gratis: Kozmetik urunlerinde %50'ye varan indirimler! Bu hafta ozel firsatlar icin Gratis magazalarini ziyaret edin. gratis.com Mersis:0741089523400019"
ham,"Gratis: 200 TL uzeri alisverislerinizde 50 TL indirim kuponu kazanin! 30 Nisan'a kadar gecerlidir. gratis.com"
ham,"Watsons: Cilt bakim urunlerinde 3 al 2 ode firsati! Secili markalarda gecerlidir. Detaylar watsons.com.tr. Mersis:0486019475900016"
ham,"Sephora: Premium uyelere ozel %20 indirim gunleri basliyor! 15-20 Nisan arasi tum magazalarda. sephora.com.tr"
ham,"Migros: Bu hafta firsatlari! Zeytinyagi 5L 349 TL, Seker 5 kg 119 TL, Un 5 kg 89 TL. Tum Migros magazalarinda gecerlidir. migros.com.tr"
ham,"Migros: Money kartiniza 50 TL'lik alisveriste 10 TL Money yuklendi! 30 Nisan'a kadar kullanabilirsiniz. Detaylar migros.com.tr"
ham,"A101: Bu hafta indirimleri cok ozel! Elektronik urunlerde surpriz fiyatlar. 11 Nisan Cuma gunu tum A101 magazalarinda."
ham,"BIM: Aktuel urunler bu Cuma raflarda! Samsung tablet 4.999 TL, Robot supurge 2.499 TL. Stoklarla sinirlidir."
ham,"SOK Market: Bu hafta firsatlari! Deterjan 3 kg 149 TL, Pecete 24'lu 59 TL. Tum SOK marketlerde. sok.com.tr"
ham,"Koton: Yaz koleksiyonu geldi! Elbise ve eteklerde %30 indirim. Online ve magazalarda gecerli. koton.com SMS iptal: RET 4609"
ham,"Mavi: Yeni sezon jean modelleri raflarda! 2. ürüne %50 indirim firsati. Tum Mavi magazalarinda. mavi.com"
ham,"LC Waikiki: Cocuk giyimde buyuk firsat! 3 al 2 ode kampanyasi tum magazalarda. lcwaikiki.com"
ham,"DeFacto: Yazlik elbise ve gomlek koleksiyonunda %40 indirim! Online siparis ve magazalarda gecerli. defacto.com.tr"
ham,"Boyner: Sezon sonu buyuk indirim! %70'e varan firsatlar tum magazalarda. Ustelik Boyner kredi karti ile ekstra %10. boyner.com.tr"
ham,"Teknosa: Apple urunlerinde ozel fiyatlar! iPhone 15 icin 12 ay taksit firsati. Detaylar teknosa.com. Mersis:0015029463600017"
ham,"MediaMarkt: TV festivali basliyor! 55 inc ve uzeri TV'lerde %25'e varan indirim. mediamarkt.com.tr 30 Nisan'a kadar."
ham,"Trendyol: Sepetindeki urunlerde fiyat dustu! Hemen kontrol et. trendyol.com Mersis:0757028315500011"
ham,"Hepsiburada: Premium uyelere ozel kupon tanimlandi! 100 TL indirim kuponu hesabinizda. hepsiburada.com"
ham,"N11: Flash indirimler basladi! Elektronik, moda ve ev yasam kategorilerinde %60'a varan firsatlar. n11.com"
ham,"Ciceksepeti: Anneler Gunu icin ozel buketler hazir! Erken siparis avantaji ile %20 indirim. ciceksepeti.com"
ham,"Turkcell: Nisan ayi hediyeniz hazir! 10 GB ek internet paketi tanimlandi. Kullanmak icin Turkcell uygulamasina girin. turkcell.com.tr"
ham,"Vodafone: Bu ay size ozel 5 GB hediye internet! Vodafone Yaninda uygulamasindan aktif edin. vodafone.com.tr"
ham,"Türk Telekom: Fiber internet hiziniz yukseltildi! Ek ucret olmadan 100 Mbps'e gecis yapildi. Detaylar turktelekom.com.tr"
ham,"Garanti BBVA: Bonus kartinizla yaptiginiz 500 TL uzeri market alisverislerinde 50 TL bonus kazanin! 30 Nisan'a kadar. bonus.com.tr"
ham,"Akbank: Axess kartinizla secili restoranlarda %20 indirim! Kampanya 15 Mayis'a kadar gecerlidir. axess.com.tr"
ham,"Denizbank: Kredi kartinizla yaptiginiz online alisverislerde 3 taksit yerine 6 taksit firsati! denizbank.com"
ham,"ING: Turuncu hesabiniza mevduat yatirin, %42 faiz orani ile kazancli cikin! Detaylar ing.com.tr"
ham,"QNB Finansbank: CardFinans ile akaryakitte %5 indirim! Tum BP istasyonlarinda gecerli. 31 Mayis'a kadar. qnbfinansbank.com"
ham,"Vakifbank: Worldcard ile market alisverislerinde 100 TL'ye 20 TL Worldpuan! Bu ay sonuna kadar gecerli. vakifbank.com.tr"
ham,"Halkbank: Paraf kartinizla online alisverislerde %10'a varan Parafpara kazanin! halkbank.com.tr"
ham,"Ziraat Bankasi: Bankkart Combo ile secili restoranlarda %15 indirim firsati! 31 Mayis'a kadar gecerlidir."
ham,"TEB: TEB Bonus ile kozmetikte 200 TL ve uzeri harcamaya 40 TL bonus! teb.com.tr"
ham,"Yemeksepeti: Bu hafta ozel! Secili restoranlardan siparis verin, 50 TL uzeri siparislerde 15 TL indirim. Kod: YEMEK15"
ham,"Getir: Bu hafta getir'de market urunlerinde %20 indirim! Siparişiniz 10 dakikada kapiníızda. getir.com"
ham,"Dominos: Buyuk boy pizza 149 TL! Online siparislerde gecerli. dominos.com.tr Mersis:0482009523700014"
ham,"Burger King: King menulerde 2. menu %50 indirim! Tum restoranlarda gecerli. burgerking.com.tr"
ham,"Starbucks: Starbucks kartiniza 100 TL yuklemeye 20 TL hediye! Kampanya 30 Nisan'a kadar gecerli."
ham,"Papara: Hesabiniza 500 TL yatirilmistir. Guncel bakiyeniz: 1.250 TL. Islem detayllari Papara uygulamasinda."
ham,"Papara: Papara kartinizla market alisverislerinde %3 cashback kazanin! Bu ay sonuna kadar gecerli."
ham,"Sahibinden: Kaydettiginiz ilandaki fiyat dustu! Yeni fiyat: 850.000 TL. Detaylar icin sahibinden.com"
ham,"Arabam: Arac ilaniniz 150 kisi tarafindan goruntulendi! Ilaninizi one cikarmak icin arabam.com"
ham,"E-DEVLET: Dogrulama kodunuz: 783771 Bu mesaj e-Devlet Kapisi tarafindan gonderilmistir. Kodu kimseyle paylasmayiniz."
ham,"SGK: Recete bilginiz: Dr. Ahmet Yilmaz tarafindan 3 kalem ilac reçetesi duzenlenmistir. sgk.gov.tr"
ham,"Passo: GS-FB maci icin biletiniz onaylandi! Koltuk: A-215. Stadyuma giris icin Passo uygulamasini kullanin."
ham,"Biletix: Konser biletiniz onaylandi! Tarkan - 25 Mayis 2026 Saat: 21:00 Harbiye Cemil Topuzlu. Binis: biletix.com"
ham,"Obilet: Otobus biletiniz onaylandi. Eskisehir-Istanbul 12 Nisan 08:00 Koltuk: 23. Detay: obilet.com"
ham,"Enuygun: Ucak biletiniz onaylandi! IST-ADB 15 Nisan 10:30 Pegasus PC2145. PNR: ABCDEF. enuygun.com"
ham,"THY: Sayin yolcumuz, TK2134 IST-ESB ucusunuz saat 14:30'da kalkacaktir. Online check-in icin: turkishairlines.com"
ham,"Pegasus: 25 Nisan ucusunuz icin online check-in acilmistir! flypgs.com uzerinden koltuk seciminizi yapabilirsiniz."
ham,"Yurtici Kargo: Gonderiniz dagitima cikti! Takip no: 3402589671. Tahmini teslim: Bugun 14:00-18:00. yurticikargo.com"
ham,"MNG Kargo: Kargonuz subenize ulasti! Alici: Batuhan Araci. Sube: Eskisehir Merkez. Son teslim: 3 is gunu."
ham,"Aras Kargo: Gonderiniz teslim edilmistir. Teslim alan: Kapici. Tarih: 11.04.2026 Saat: 14:23. araskargo.com"
ham,"PTT: Mektubunuz/kargonuz dagitima cikmistir. Takip no: RR123456789TR. ptt.gov.tr"
ham,"Arcelik: Servis randevunuz onaylandi. Tarih: 15 Nisan 2026 Saat: 10:00-12:00. Teknisyen: Mehmet Usta. 444 0 888"
ham,"Vestel: Urun teslimatiniz 13 Nisan Pazar gunu 09:00-18:00 saatleri arasinda yapilacaktir. vestel.com.tr"
ham,"MHRS: Randevunuz onaylanmistir. Dr. Ayse Demir - Dahiliye. Tarih: 14.04.2026 Saat: 09:30. Hastane: Eskisehir Sehir Hastanesi."
ham,"ING: Hesabinizdan 3.500 TL tutarinda EFT gerceklestirilmistir. Alici: Mehmet Kaya. Islem no: 2026041100567."
ham,"Akbank: 4521 nolu kartinizdan 245 TL tutarinda harcama yapilmistir. Islem yeri: Migros Espark. Kalan limit: 12.755 TL."
ham,"Decathlon: Spor malzemelerinde bahar indirimi! Kosu ayakkabilarinda %30 indirim. decathlon.com.tr tum magazalarda."
ham,"Flormar: Ruj koleksiyonunda 2 al 1 ode! Bahar renklerini kesfet. Tum Flormar magazalarinda. flormar.com.tr"
ham,"Tatilsepeti: Erken rezervasyon firsatlari! Yaz tatili otelleri %40'a varan indirimle. tatilsepeti.com"
ham,"Jolly Tur: Antalya 5 yildiz hersey dahil 3 gece 7.999 TL'den baslayan fiyatlarla! jollytur.com 444 0 645"
ham,"Iyzico: Odemeniz basariyla tamamlandi. Tutar: 459,90 TL. Isyeri: Trendyol. Islem no: TXN-2026041100892."
ham,"Tosla: Hesabiniza 200 TL yatirildi. Bakiyeniz: 735 TL. Tosla uygulamasindan detaylari gorebilirsiniz."
ham,"Carrefoursa: Bu hafta firsatlari! Et urunlerinde %25 indirim. Sut urunlerinde al 3 ode 2. carrefoursa.com.tr"
ham,"Koctas: Bahce mevsimi acildi! Bahce mobilyalarinda %35'e varan indirim. koctas.com.tr tum magazalarda."
ham,"Nike: Yeni sezon spor ayakkabi koleksiyonu geldi! Online alisveriste ucretsiz kargo. nike.com/tr"
ham,"Adidas: Outlet urunlerinde ekstra %20 indirim! EXTRA20 koduyla. adidas.com.tr 30 Nisan'a kadar."
ham,"Pierre Cardin: Erkek gomlek koleksiyonunda 3 al 2 ode! Tum magazalarda gecerli. pierrecardin.com.tr"
ham,"US Polo: Yaz koleksiyonu raflarda! Polo tisortlerde %25 indirim. uspoloassn.com.tr"
ham,"Colin's: Jean festivali basladi! Secili modellerde %40'a varan indirim. colins.com.tr tum magazalarda."
ham,"Ozdilek: Ev tekstilinde buyuk firsat! Nevresim takimlarinda %50'ye varan indirim. ozdilek.com.tr"
ham,"Forum AVM: Bu hafta sonu canli muzik etkinligi! Giris ucretsizdir. Detaylar forumespark.com"
ham,"Espark AVM: Park yeri uygulamaniz guncellendi. Artik QR kodla hizli giris yapabilirsiniz. espark.com.tr"
ham,"Allianz Sigorta: Kasko policenizin yenileme zamani geldi! Erken yenileme indirimi icin: allianz.com.tr veya 0850 399 9999"
ham,"IGDAS: Nisan ayi dogalgaz faturaniz: 287,45 TL. Son odeme tarihi: 25.04.2026. e-Fatura icin igdas.istanbul"
ham,"ISKI: Su faturaniz: 145,30 TL. Son odeme: 20.04.2026. Online odeme: iski.istanbul. Otomatik odeme talimati icin bankaniza basvurun."
ham,"BEDAS: Elektrik tuketim bildirimi. Nisan donemi: 342 kWh. Tahmini tutar: 523 TL. Son odeme: 28.04.2026."
spam,"Bilgilendirme: Hesabiniza 500 TL bakiye tanimlanmistir. Merit Premium uzerinden cark ve ek firsatlar sunulmaktadir. Detay: https://fstpy.cc/r/premiumm"
spam,"Hesabiniza 1000 TL bonus tanimlanmistir. Premium uyelik ile cark cevirme hakkiniz aktif. Hemen giris yapin: https://fstpy.cc/premium"
spam,"Merhaba! 750 TL bakiyeniz hesabiniza yuklenmistir. Cark cevir ve kazancinizi 5x katla! Detay: https://pshgit.co/bonus"
spam,"HEMEN UYE OL SARTSIZ 1000TL CEKIM YAP! ILK YATIRIMA %100 RISKSIZ! LISANSLI ALTYAPI VE 12 YILLIK DENEYIM! MINIMUM HAVALE 500TL https://pshgit.co/new"
spam,"Bilgilendirme: Hesabiniza 2000 TL premium bakiye aktarilmistir. Cark firsatlari icin: merit-vip.cc/giris Sartlar icin tiklayiniz."
spam,"Premium hesabiniz aktif edildi! 500 TL hosgeldin bonusu ile birlikte cark cevirme hakkiniz hazir. Detay: https://prembet.cc/hosgeldin"
spam,"Merit Casino: Hesabinizda 300 TL bakiye bulunmaktadir. Cark firsatlari ve slot oyunlari icin hemen giris yapin: merit-slot.cc"
spam,"Bilgilendirme: 1500 TL bonus bakiyeniz hesabiniza tanimlanmistir. Premium cark ve slot firsatlari sunulmaktadir. Detay: fstpy.cc/slot"
spam,"VIP uyeliginiz onaylandi! Hesabiniza 750 TL hosgeldin bonusu yuklendi. Cark cevirip kazancinizi 10x katlayabilirsiniz: vip-cark.cc"
spam,"Hesabiniza 5000 TL yatirim bonusu tanimlanmistir. Ilk yatiriminiza %200 ek bonus! Casino ve slot oyunlarinda gecerli: megabet.cc/bonus"
spam,"Bilgilendirme: Ozel uyelerimize 1000 TL cark bonusu! Risk-free cekim imkani. 7/24 canli destek: premium-cark.cc/uye"
spam,"Merit Premium: Bakiyeniz guncellendi 800 TL. Gunluk cark cevirme hakkiniz aktif. Super slot firsatlari: https://fstpy.cc/merit"
spam,"Hesap bilgilendirme: 2500 TL bakiye aktif. Premium slot ve cark oyunlari ile kazancinizi katlayin. Giris: premiumwin.cc"
spam,"OZEL DAVET: Hesabiniza 600 TL tanilmistir. Sartsiz cekim hakki! Cark firsatlari ve VIP masalar: sultanbet.cc/vip"
spam,"Kazancli yatirim firsati! Hesabiniza 1000 TL tanimlanmistir. %100 kayip bonusu ile risksiz oynamayi deneyin: casinotr.cc/kazan"
spam,"Ailemize katil 500TL kazan! Havale ile minimum 250TL yatir maximum kazanc sagla! Cekim limitsiz: https://havale-bonus.cc/katil"
spam,"Bilgilendirme: Hesabinizda 3000 TL iade bonusu bekliyor. Premium cark ve jackpot firsatlari: lucky-tr.cc/iade"
spam,"Hosgeldin! 1000 TL deneme bonusu seni bekliyor. Sartsiz cekim imkani. Hemen uye ol: betmax-tr.cc/deneme"
spam,"Bilgilendirme: Yeni uyelere ozel 2000 TL bakiye + gunluk cark hakki! Lisansli altyapi. Detay: fstpy.cc/uyelik"
ham,"Merhaba annem bugun saat 5te gelecek sen de gelir misin?"
ham,"Tamam aksamki yemek icin malzemeleri aldim. Ekmek almayı unutma."
ham,"Toplanti yarın saat 14:00e ertelendi. Katilim icin onay ver."
ham,"Dogum gunun kutlu olsun! Nice mutlu yillara 🎂"
ham,"Proje raporunu yarin sabaha kadar gonderebilir misin? Acil degil ama erken olursa iyi olur."
ham,"Sinav sonuclari aciklandi. Notlarini ogrenci isleri sayfasindan gorebilirsin."
ham,"Hava cok guzel bugun, aksam parka yuruyuse cikmak ister misin?"
ham,"Anne, marketten sut ve yumurta alir misin? Buzdolabinda kalmamis."
ham,"Ders notlarini atabilir misin? Bugunku dersi kacirdim."
ham,"Aksam 8de bulusuyoruz degil mi? Yer: Starbucks Espark."
ham,"Maalesef bugun gelemiyorum, islerim uzadi. Yarina erteleyebilir miyiz?"
ham,"Arabani servise biraktim, yarin aksam hazir olacakmis. 850 TL tuttu."
ham,"Babam hastanede, durumu stabil. Yarin ziyarete gelir misin?"
ham,"Kedi mamasi bitti, pet shoptan alir misin? Royal Canin marka."
ham,"Film basliyor saat 21:00da. Biletleri aldim. Koltuk D5-D6."
ham,"Kutuphane saat kacta kapaniyor biliyor musun? Ders calisacagim."
ham,"Wi-Fi sifresi ne? Misafirler geldi, baglanmak istiyorlar."
ham,"Yarin sabah 7de kalkmam lazim, alarm kurar misin?"
ham,"Eczaneden ilac almayi unutma. Recete cantamda."
ham,"Tatil icin otel ayarladim. 3 gece 4 gun Antalya. Begendin mi?"
ham,"CV'ni guncelle, yeni is ilanlari var. LinkedIn'de paylastim."
ham,"Elektrik faturasi geldi, 523 TL. Son odeme 28 Nisan."
ham,"Komsu tasiniyormus, yardim etmemizi istedi. Cumartesi musait misin?"
ham,"Kargo geldi ama evde yoktum. Yarin tekrar geleceklermi."
ham,"Okul toplantisi Persembe saat 15:00. Katilabilir misin?"
ham,"Mezuniyet toreni 20 Haziran. Aile davetiyelerini almayi unutma."
ham,"Disi ağrıyor, dis doktoruna randevu aldim. Yarin 10:00."
ham,"Kahvalti icin simit ve peynir aldim. Cay demle."
ham,"Aksam maci birlikte izleyelim mi? GS-BJK Derby."
ham,"Garanti BBVA: 7842 nolu kartinizdan 156,50 TL harcama yapilmistir. Islem yeri: Shell Akaryakit. Kalan limit: 8.343,50 TL."
ham,"Garanti BBVA: Hesabiniza 4.200 TL maas yatirilmistir. Islem no: 2026041100123. Bilgi: garantibbva.com.tr"
ham,"Garanti BBVA: Kredi karti ekstreniz hazirdir. Ekstre tutari: 2.847,30 TL. Son odeme: 18.04.2026. Bonus puan: 1.245"
ham,"Isbank: 5678 nolu hesabinizdan 750 TL tutarinda havale yapilmistir. Alici: Ayse Yilmaz. Islem no: ISB2026041100456."
ham,"Isbank: Kredi taksit odemeniz 1.450 TL tahsil edilmistir. Kalan taksit: 8. Bilgi: isbank.com.tr"
ham,"Akbank: Axess kartinizla 2.340 TL tutarinda online alisveris yapilmistir. Islem yeri: Trendyol. Onay kodu: 847291."
ham,"Ziraat Bankasi: Hesabiniza 890 TL EFT yatirilmistir. Gonderen: Mehmet Demir. Bilgi: ziraatbank.com.tr"
ham,"Halkbank: Paraf kartinizdan 340 TL harcama yapilmistir. Islem yeri: Migros. Bilgi: 0850 222 0400"
ham,"Vakifbank: FAST ile 2.500 TL tutarinda havale gonderilmistir. Alici hesap: TR12 0001 5001. Islem no: VKF2026041100789."
ham,"TEB: TEB Bonus kartinizla yaptiginiz 1.200 TL tutarindaki alisveris 3 taksitle islenecektir. Islem yeri: MediaMarkt."
ham,"QNB Finansbank: CardFinans ile 890 TL harcama yapilmistir. Islem yeri: Carrefoursa. Bilgi: qnbfinansbank.com"
ham,"ING: Turuncu hesabinizdan 5.000 TL tutarinda EFT gerceklestirilmistir. Alici: Ali Veli. Islem no: ING2026041100234."
ham,"Denizbank: Bonus Flas kartinizdan 475 TL harcama. Islem yeri: Gratis. Kalan limit: 5.525 TL."
ham,"Yurtici Kargo: Gonderiniz teslim edilmistir. Teslim alan: Kendisi. Tarih: 11.04.2026 Saat: 16:45. Takip: 3456789012."
ham,"Aras Kargo: Kargonuz dagitima cikmistir. Tahmini teslim: Bugun 14:00-18:00. Takip no: AR2026041100567. araskargo.com"
ham,"MNG Kargo: Gonderiniz subeye ulasti. Sube: Eskisehir Merkez. Son teslim tarihi: 14.04.2026. mngkargo.com.tr"
ham,"Surat Kargo: Kargonuz yola cikti! Gonderi no: SK789456123. Tahmini teslim: 12.04.2026. suratkargo.com.tr"
ham,"PTT Kargo: Gonderiniz dagitima cikmistir. Barkod: CP123456789TR. Teslim edilemezse en yakin PTT subesinden alinabilir."
ham,"Trendyol: Siparissiniz kargoya verildi! Siparis no: 1234567890. Kargo firması: Yurtici. Tahmini teslim: 13-14 Nisan."
ham,"Hepsiburada: Siparissiniz hazirlaniyor. Siparis no: HB2026041100234. Detay icin hepsiburada.com/siparislerim"
ham,"N11: Siparissiniz onaylandi! Satici 24 saat icinde kargoya verecek. Siparis no: N11-2026-789456."
ham,"Amazon: Siparissiniz yola cikti! Takip no: TRK123456789. Tahmini teslim: 12 Nisan Cumartesi. amazon.com.tr/siparislerim"
ham,"MHRS: Randevunuz iptal edilmistir. Yeni randevu almak icin mhrs.gov.tr adresini ziyaret edebilirsiniz."
ham,"SGK: Aylik prim bildirgeniz onaylanmistir. Donem: 2026/03. Detay icin e-Devlet uzerinden sorgulama yapabilirsiniz."
ham,"E-DEVLET: Adres degisikligi talebiniz onaylanmistir. Yeni adresiniz Nufus Mudurlugu kayitlarina islenmistir."
ham,"GIB: 2025 yili gelir vergisi beyanname dogrulama kodunuz: 456789. Bu kodu kimseyle paylasmayiniz."
ham,"OSYM: YKS sonuclariniz aciklanmistir. Sonuclari sonuc.osym.gov.tr adresinden ogrenebilirsiniz."
ham,"MEB: Okullar 14 Nisan Pazartesi gunu acilacaktir. Iyi tatiller dileriz."
ham,"Turkcell: Faturaniz kesilmistir. Tutar: 189,90 TL. Son odeme: 25.04.2026. Otomatik odeme icin: turkcell.com.tr"
ham,"Vodafone: Kalan kullanim: 8.5 GB internet, 500 dk konusma, 1000 SMS. Paket yenileme: 15.04.2026."
ham,"Türk Telekom: Internet kotanizin %80'i kullanilmistir. Ek paket icin 3535'e PAKET yazin veya turktelekom.com.tr"
ham,"Netflix: Aylik abonelik odemeniz 129,99 TL basariyla alinmistir. Keyifli seyirler!"
ham,"Spotify: Premium aboneliginiz yenilenmistir. Tutar: 59,99 TL. Sonraki yenileme: 11.05.2026."
ham,"Apple: Apple ID'niz ile yeni bir cihazda oturum acilmistir. Siz degilseniz: appleid.apple.com"
ham,"Google: Dogrulama kodunuz 834291. Bu kodu kimseyle paylasmayiniz. Gecerlilik: 10 dakika."
ham,"Microsoft: Hesap dogrulama kodunuz: 567834. Guvenlik amacli gonderilmistir."
ham,"WhatsApp: Dogrulama kodunuz: 456-789. Bu kodu baskalayla paylasmayiniz."
ham,"Instagram: Guvenlik kodunuz 234567. Hesabiniza erisim icin bu kodu kullanin."
ham,"Getir: Siparissiniz hazirlaniyor! Tahmini teslim: 15 dakika. Canli takip icin Getir uygulamasini kullanin."
ham,"Yemeksepeti: Siparissiniz restorana iletildi! Tahmini hazirlanma suresi: 25 dakika. Siparis no: YS-789456."
ham,"Scotty: Surus sonlandi. Toplam: 34,50 TL Mesafe: 2.3 km Sure: 12 dk. Fatura: scotty.app/fatura"
ham,"BiTaksi: Taksiniz 3 dakika icinde gelecek. Plaka: 26 ABC 123. Sofor: Ahmet Bey. Tahmini ucret: 85 TL."
ham,"Uber: Yolculugunuz tamamlandi. Ucret: 67,50 TL. Degerlendirme yapmak icin Uber uygulamasini acin."
ham,"Espark AVM: Bu hafta sonu saat 14:00-18:00 arasi cocuklara ozel etkinlik! Giris ucretsizdir."
ham,"Decathlon: Online siparissiniz magazadan teslim icin hazir! Siparis no: DC-2026-456789. Teslim suresi: 3 gun."
ham,"IKEA: Siparissiniz kargoya verildi. Tahmini teslim: 15-17 Nisan. Takip: ikea.com.tr/siparislerim"
ham,"Ozdilek: Yeni sezon ev tekstil urunleri geldi! %40'a varan indirimler tum OzdilekPark magazalarinda. B178 Mersis:0265015573200015"
ham,"LC Waikiki: 150 TL uzeri alisverislerde %15 ek indirim! Kod: BAHAR15. lcwaikiki.com B045 Mersis:0886013947100015"
ham,"Penti: Corap ve ic giyimde 3 al 2 ode firsati! Tum magazalarda. penti.com B067 Mersis:0571001742500019"
ham,"Kiğılı: Takim elbise koleksiyonunda %50'ye varan indirim! kigili.com B089 Mersis:0041002233400015"
ham,"Koçtaş: Bahce mevsimi acildi! Bahce urunlerinde %30 indirim. koctas.com.tr B112 Mersis:0631015738200016"
ham,"Boyner: Fresh koleksiyonu online'da! Ustelik 250 TL uzeri kargo bedava. boyner.com.tr B023 Mersis:0885015574800015"
ham,"Vakko: Ozel davet! VIP musteri indirim gunleri 15-17 Nisan. Tum Vakko magazalarinda %25 indirim."
ham,"Turk Hava Yollari: TK2315 IST-ADB ucusunuz icin online check-in acilmistir. Koltuk seciminizi turkishairlines.com'dan yapabilirsiniz."
ham,"Pegasus Airlines: PC1416 SAW-AYT ucusunuz 14 Nisan saat 08:30'da kalkacaktir. Kapilar ucustan 30 dk once kapanir."
ham,"SunExpress: XQ567 ADB-AYT ucusunuz icin boarding pass hazir. Mobil binis karti: sunexpress.com/checkin"
ham,"Obilet: Otobus biletiniz onaylandi. Eskisehir-Ankara 13 Nisan 09:00 Metro Turizm Koltuk: 15. obilet.com"
ham,"Biletall: Otobus biletiniz hazirlandi. Istanbul-Bursa 14 Nisan 16:30 Kamil Koc Koltuk: 27. biletall.com"
ham,"ISKI: Su arizasi bildirimi alinmistir. Ariza no: 2026-45678. Ekibimiz en kisa surede mudahale edecektir. iski.istanbul"
ham,"IGDAS: Dogalgaz sayac okuma isleminiz tamamlanmistir. Endeks: 4567. Faturaniz 5 is gunu icinde kesilecektir."
ham,"BEDAS: Planli elektrik kesintisi. Bolge: Eskisehir Merkez. Tarih: 14.04.2026 09:00-17:00. Bilgi: bedas.com.tr"
ham,"Allianz: Trafik sigortanizin suresi dolmak uzeredir. Yenileme icin: allianz.com.tr veya 0850 399 9999"
ham,"AXA Sigorta: Kasko hasar dosyaniz acilmistir. Dosya no: HAS-2026-7890. Detay icin axa.com.tr/hasar"
ham,"Memorial Hastanesi: Randevunuz: Dr. Sevgi Korkmaz - Goz Hastaliklari. 15.04.2026 Saat: 11:30. memorial.com.tr"
ham,"Acibadem: Lab sonuclariniz hazirdir. Sonuclari acibadem.com.tr/hastaportal uzerinden gorebilirsiniz."
ham,"Disisleri Bakanligi: Pasaport basvurunuz isleme alinmistir. Basvuru no: PSP-2026-123456. Takip: nvi.gov.tr"
ham,"Emniyet: Ehliyetinizin suresi yaklasıyor. Yenileme icin en yakin Nufus Mudurlugune basvurun."
ham,"Belediye: Su faturaniz: 87,50 TL. Son odeme: 22.04.2026. e-Belediye uzerinden odeme yapabilirsiniz."
spam,"Hesabiniz askiya alindi! 24 saat icinde dogrulanmazsa kapatilacaktir. Hemen tiklayin: garanti-giris.xyz"
spam,"Bankanizdan gelen acil bildirim: Kartiniz klonlanmis olabilir. Dogrulama icin: banka-destek.top"
spam,"Kargo teslimatiniz basarisiz oldu. Adres guncelleme icin: kargo-takip.click/adres"
spam,"Vergi iadesi basvurunuz onaylandi! 3.500 TL iade icin IBAN bilgilerinizi girin: gib-iade.xyz"
spam,"iCloud depolamaniz dolu! Hesabiniz askiya alinmadan once tiklayin: apple-destek.site"
spam,"WhatsApp sureniz doluyor! Hesabinizi yenilemek icin tiklayin: whatsapp-yenile.top"
spam,"Netflix hesabiniz askiya alindi. Odeme bilgilerinizi guncelleyin: netflix-tr.xyz/odeme"
spam,"Instagram hesabiniz ihlal bildirimi almistir. 24 saat icinde dogrulayin: ig-dogrula.click"
spam,"Facebook guvenlik uyarisi! Hesabiniza baska bir cihazdan giris yapildi. Kontrol edin: fb-guvenlik.site"
spam,"BDDK uyarisi: Hesabinizda supheli islem tespit edildi. Dogrulama: bddk-kontrol.xyz"
spam,"Mahkeme celbi: Hakkınızda dava acilmistir. Detaylar icin: adalet-bilgi.top/celp"
spam,"SGK borcunuz icin son tarih bugun! Odeme yapmak icin: sgk-borc.xyz/odeme"
spam,"Emlak vergisi borcunuz bulunmaktadir. Online odeme: belediye-vergi.site"
spam,"Otoyol gecis ihlali! 750 TL ceza kesilmistir. Itiraz icin: hgs-itiraz.click"
spam,"PTT: Gonderiniz gumrukte bekliyor. Vergi odemesi icin: ptt-gumruk.xyz/odeme"
spam,"Yurtici Kargo: Kargonuz iade edilecek. Adres dogrulama: yurtici-takip.site"
spam,"MNG Kargo: Teslimat basarisiz. Yeni adres girin: mng-teslimat.top"
spam,"Amazon: Hesabiniz kilitlenddi. Siparisleriniz iptal edilecek. Dogrulama: amazon-tr-giris.xyz"
spam,"Trendyol: Hesabinizda 500 TL hediye ceki! Hemen kullanin: trendyol-hediye.click"
spam,"Hepsiburada: Ozel kampanya! 1000 TL indirim kuponu kazandiniz: hepsi-kupon.site"
spam,"N11: Hesabiniz hacklendi! Sifreni hemen degistir: n11-guvenlik.xyz"
spam,"Sahibinden: Ilaniniza 50 teklif geldi! Goruntule: sahibinden-teklif.top"
spam,"E-Devlet: Hesabiniz askiya alindi. Kimlik dogrulama icin: edevlet-dogrula.xyz"
spam,"OSYM sinav sonucunuz aciklandi! Goruntule: osym-sonuc.site/2026"
spam,"Turkcell: Faturaniz odenmedi, hattiniz kapatilacak! Odeme: turkcell-fatura.xyz"
spam,"Vodafone: Hattiniz 24 saat icinde iptal edilecek. Dogrulama: vodafone-tr.click"
spam,"Banka: TC kimlik bilgilerinizle sahte hesap acilmis. Kontrol: tc-kontrol.xyz"
spam,"Emekli maas farki 4.500 TL hesabiniza yatacak. IBAN dogrulama: emekli-maas.top"
spam,"Sosyal yardim basvurunuz onaylandi. 2.000 TL yardim icin: sosyal-yardim.site"
spam,"Kripto yatirim firsati! Bitcoin %500 kazanc garantisi! Hemen basla: btc-kazan.xyz"
spam,"Forex ile gunluk 5.000 TL kazanin! Ucretsiz egitim: forex-kazan.top"
spam,"Borsa robot ile otomatik kazanc! Ayda 50.000 TL garanti gelir: borsa-robot.click"
spam,"Elon Musk'in gizli yatirim formulu! 1000 TL ile basla 100.000 TL kazan: elon-yatirim.site"
spam,"Devlet destekli konut kredisi! %0 faiz ile ev sahibi olun: konut-kredi.xyz"
spam,"Kredi basvurunuz ön onaylandi! 100.000 TL kredi: hizli-kredi.top/basvuru"
spam,"Sicil kaydiniz temizlendi! Kredi alabilirsiniz: sicil-temiz.click"
spam,"Yeni is firsati! Evden calisiarak ayda 15.000 TL kazanin: ev-is.xyz"
spam,"Amazon'da urün degerlendirici olun! Gunluk 500 TL: amazon-deger.site"
spam,"Google anket doldur para kazan! Her anket 50 TL: google-anket.top"
spam,"TikTok video izle para kazan! Gunluk 200 TL garanti: tiktok-para.click"
spam,"Dikkat! Aracinizia radar cezasi kesilmistir. Itiraz: trafik-ceza.xyz"
spam,"Sus faturaniz 2.340 TL! Normal degil, kontrol edin: su-fatura.site"
spam,"Dogalgaz kacagi tespit edildi! Hemen formu doldurun: igdas-acil.top"
spam,"Deprem sigortasi zorunlu hale geldi! Hemen yaptirin: dask-sigorta.xyz"
spam,"Uni burs basvurunuz kabul edildi! 5.000 TL burs icin onay: burs-onay.click"
spam,"Arkadasin seni etiketledi! Gormek icin tikla: sosyal-medya.xyz/etiklet"
spam,"Birileri sana mesaj atti! Kim oldugunu gor: gizli-mesaj.top"
spam,"Eski sevgilin profilini goruntuledi! Detay: profil-stalker.site"
spam,"Hediye kazandiniz! iPhone 15 Pro Max sizin olabilir: hediye-iphone.click"
spam,"Aracini sat hemen nakit al! En yuksek teklif garanti: arac-al.xyz"
spam,"Evini kirala gunluk 500 TL kazan! Hemen ilan ver: ev-kirala.top"
spam,"Son 3 saat! %90 indirimli urunler tukeniyor: mega-indirim.click"
spam,"Ozel davet: VIP uyelik ucretsiz! Simdi katil: vip-uyelik.site"
spam,"Guvenlik: Hesabiniza Rusya'dan giris denemesi! Engelle: hesap-guvenlik.xyz"
spam,"Banka: OTP kodunuz 456789. Bu kodu asagidaki linkte girin: banka-otp.top"
spam,"Kredi karti borcunuz yapilandirildi! Detay icin: kredi-yapilandirma.click"
spam,"Vergi borcunuz cok yuksek! Af basvurusu: vergi-af.site/basvuru"
spam,"TCMB: Doviz kuru degisikliği nedeniyle hesabiniz guncellenmeli: tcmb-guncelle.xyz"
spam,"Numara tasıma islemsiniz tamamlandi. Siz baslatmadiysaniz: numara-iptal.top"
spam,"Apple ID'niz kilitlenddi. Acsak icin dogrulamanizi yapín: apple-ac.click"
spam,"Coca-Cola cekilisinde 10.000 TL kazandiniz! Odul icin: coca-odul.site"
spam,"Migros cekilisinde araba kazandiniz! Teslim: migros-cekilis.xyz"
spam,"A101 yildonumu hediyesi! 500 TL hediye ceki: a101-hediye.top"
spam,"BIM ozel kampanya: Ucretsiz alisveris hakki! Tikla: bim-kampanya.click"
spam,"Turk Telekom: Ucretsiz 100GB internet! Hemen aktiflestir: tt-bedava.site"
spam,"Hesabiniza 50.000 TL kredi onaylandi! Kullanmak icin: kredi-kullan.xyz/onay"
spam,"Cumhurbaskanligi: Vatandas destek odemesi 3.000 TL. Basvuru: destek-odeme.top"
spam,"Emniyet: Kimliginiz baskasi tarafindan kullaniliyor! Dogrula: kimlik-dogrula.click"
spam,"Saglik Bakanligi: Asilariniz eksik. Randevu: saglik-rndv.site"
spam,"Kyk burs/kredi odemeniz hesabiniza yatacak. IBAN dogrula: kyk-odeme.xyz"
ham,"Merhaba hocam, odev teslim tarihini uzatma sansiniz var mi? Saygılarımla."
ham,"Abla bu aksam mısır patlatip film izleyelim mi? Ben geliyorum."
ham,"Agabey alisveries merkezi kacta kapanıyor? Aksam gitmek istiyorum."
ham,"Cocuklari okuldan aldim, simdi parktayiz. Aksam icin bir şey lazım mi?"
ham,"Musluk damlıyor, tesisatciyi cagırdım. Yarin sabah gelecek."
ham,"Otopark ucreti odendi. Fisini arabaya biraktim."
ham,"Kuafor randevusu aldim, Cumartesi saat 14:00. Sen de gelecek misin?"
ham,"Market listesi: Domates, salatalik, biber, sogan, patates, pirincm yogurt."
ham,"Ev temizlik sirketi geldi, 3 saat temizlik yapacakmis. 800 TL."
ham,"Apartman aidati bu ay 450 TL. Son odeme 15 Nisan."
ham,"Yardim Sepeti: Bagisiniz icin tesekkur ederiz. Makbuzunuz: ys-2026-789456. yardimsepeti.org.tr"
ham,"Kizilay: Kan bagisi randevunuz onaylandi. Tarih: 16.04.2026 Saat: 10:00. Yer: Eskisehir Kan Merkezi."
ham,"AFAD: Bolgenizde hava durumu uyarisi. Kuvvetli yagis beklenmektedir. Onlemlerinizi alin."
ham,"E-Nabiz: Kan tahlili sonuclarniz hazir. Goruntulemek icin: enabiz.gov.tr"
ham,"Akbank: Otomatik fatura odemeniz gerceklesti. Turkcell faturasi: 189,90 TL. Bakiye: 3.456,78 TL."
ham,"Garanti BBVA: Kredi taksit odemeniz basariyla yapildi. Taksit: 8/12. Tutar: 1.875 TL. Kalan borc: 7.500 TL."
ham,"Isbank: Maximum kartinizla alinacak ihtiyac kredisinde %1.29 faiz orani! 60 aya varan vade. isbank.com.tr B034"
ham,"Ziraat Bankasi: Tarimsal kredi faiz oranlari guncellendi. Detay icin en yakin Ziraat subesine basvurun. B012"
ham,"Sabiha Gokcen: SG-2026: Ucusunuz 45 dk icerisinde kalkacaktir. Gate: B7. Boarding sureniz basladi."
ham,"Ataturk Havalimani: Otopark suresinin dolmasina 2 saat kaldi. Uzatmak icin otopark veznelerine basvurun."
ham,"TCDD: YHT biletiniz onaylandi. Ankara-Istanbul 14 Nisan 07:40 Vagon: 3 Koltuk: 12A. ebilet.tcddtasimacilik.gov.tr"
ham,"Metro Turizm: Yolculugunuz 15 dakika icinde basliyor. Peron: 3. Koltuk: 24. Iyi yolculuklar!"
ham,"Opet: Opet Kart ile akaryakit aliminiz: 750 TL. Kazanilan puan: 75. Toplam puan: 2.340. opet.com.tr"
ham,"Shell: ClubSmart kartinizla yakit aliminiz: 620 TL. Kazanilan puan: 124. shell.com.tr"
ham,"Turk Telekom: Ev internet aboneligniz basariyla yukseltilmistir. Yeni hiz: 200 Mbps. turktelekom.com.tr"
ham,"Superonline: Ma planli bakim calismasi. Tarih: 13.04.2026 02:00-06:00. Internet hizmetinizde kesinti yasanabilir."
ham,"Yemeksepeti: Siparissiniz teslim edildi! Servis ucretiniz dusuruldu. 3 siparis daha verin uc ret siz kargo kazanin."
ham,"Getir: Kampanya! Bu hafta sonu 100 TL uzeri market siparislerinde 20 TL indirim. Kod: HAFTASONU"
ham,"Dominos: 2 orta boy pizza 199 TL! Online sipariste gecerli. dominos.com.tr Mersis:0482009523700014 B034"
ham,"KFC: Ozel menu firsati! Kanat kovasi + icecek 149 TL. kfc.com.tr tum restoranslarda. B056"
ham,"Popeyes: Tavuk menu kampanyasi! 2 kisilik menu 189 TL. Tum Popeyes restoranlarda. B078"
ham,"Starbucks: Gold uye indiriminiz hazir! Bu hafta tum soguk iceceklerde %25. B067"
ham,"Cinemaximum: Sali indirimi! Tum filmler 49,90 TL. Bilet: cinemaximum.com.tr B089"
ham,"Jolly Tur: Son dakika tatil firsati! Bodrum 5 yildiz 4 gece 12.999 TL'den baslayan fiyatlarla. jollytur.com B112"
ham,"ETS Tur: Yunanistan adalari turu basliyor! 7 gece 24.999 TL. Erken rezervasyonda %15 indirim. etstur.com B123"
ham,"Tatilbudur: Marmaris ultra hersey dahil 5 gece 8.499 TL! Cocuklar ucretsiz. tatilbudur.com B134"
ham,"Biletix: Tarkan konseri biletleri satisa cikti! 25 Mayis 2026 Harbiye. Fiyatlar 350 TL'den basliyor. biletix.com"
ham,"Passolig: GS-TS maci icin biletiniz hazir. Koltuk: D-118. Tarih: 14.04.2026 Saat: 20:00. passolig.com.tr"
ham,"Mavi: Yaz koleksiyonu! Tum t-shirtlerde 2. urun %50. Online'da da gecerli! mavi.com B023 Mersis:0571025743500012"
ham,"Colins: Denim festivali bu hafta sonu! Jean'lerde %40 indirim. colins.com.tr B045 Mersis:0482015743500017"
ham,"DeFacto: Yeni sezon urunlerinde online'a ozel %20 ek indirim! Kod: ONLINE20. defacto.com.tr B067"
ham,"Madame Coco: Ev dekorasyon urunlerinde %60'a varan indirim! madamecoco.com B089 Mersis:0731015743500015"
ham,"English Home: Yaz koleksiyonu geldi! Yatak ortulerinde %35 indirim. englishhome.com B101"
ham,"Koton: Erkek polo yaka tisort 199 TL! Her renkten secenekler. koton.com B023 Mersis:0482015743500012"
ham,"Watsons: Gunes kremi kampanyasi! SPF 50+ urunlerde 2 al 1 ode. watsons.com.tr B112 Mersis:0486019475900016"
ham,"Gratis: Makyaj urunlerinde %60 indirim! Bu firsat kacmaz. gratis.com B134 Mersis:0741089523400019"
ham,"Sephora: Born day kampanyasi! Dogum gununuzde %20 indirim. sephora.com.tr B023"
ham,"Flormar: Yeni ruj serisi cikti! Tum renklerde 79.90 TL. flormar.com.tr B045 Mersis:0571025746300018"
ham,"Media Markt: Kulakliklarda buyuk firsat! JBL ve Sony'de %30 indirim. mediamarkt.com.tr B067"
ham,"Teknosa: Dizustu bilgisayarlarda 5000 TL'ye varan indirimler! teknosa.com B089 Mersis:0015029463600017"
ham,"Arcelik: Klima kampanyasi! Enerji tasarruflu modellerde %20 indirim + ucretsiz montaj. arcelik.com.tr B112"
ham,"Vestel: 55 inc 4K TV 14.999 TL! 12 taksit firsati. vestel.com.tr B134"
ham,"Carrefoursa: Hafta sonu indirimleri! Et urunlerinde %20, sut urunlerinde %15 indirim. carrefoursa.com.tr B023"
ham,"SOK: Aktuel urunler Carsambada raflarda! Airfryer 1.299 TL. Stoklarla sinirli. sok.com.tr"
ham,"A101: Samsung telefon 7.999 TL! Bu Cumadan itibaren tum A101 magazalarinda. Stoklarla sinirli."
ham,"BIM: Cocuk bisikleti 999.90 TL, Masa ustu fan 299.90 TL. Bu Cuma raflarda!"
spam,"Bilgilendirme: Bakiyeniz guncellendi 1500 TL. Premium slot ve cark oyna: fstpy.cc/slot2026 Mersis:0483005273500018 B243"
spam,"Hesabinizdaki 800 TL bonusu kullanma sureniz doluyor! Cark cevirin: premium-oyun.cc/bonus IPTAL: 4609 B156"
spam,"Merit VIP: 2000 TL hosgeldin paketi aktif! Slot ve canli casino: merit-giris.cc/vip Mersis:0612005432100025 B002"
spam,"Bilgilendirme: Gunluk cark hakkiniz yenilendi! 500 TL extra bonus: lucky-spin.cc SMS RED:4609 B243"
spam,"Bakiyeniz 3000 TL olarak guncellenmistir. Premium oyunlar ve canli bahis: betzone.cc/giris Mersis:0483005273500018 IYS B156"
